,name
0,AAM S&P 500 Sector High Dividend
1,AAM S&P EM Sector High Dividend
2,The Acquirers Fund
3,Ranger Equity Bear
4,AdvisorShares Dorsey Wright Short
5,AdvisorShares Pure Cannabis
6,AdvisorShares Focused Equity
7,WCM/BNY Mellon Focused Growth ADR
8,Peritus High Yield
9,Newfleet Multi-Sector Income
10,AdvisorShares Vice ETF
11,AdvisorShares Pacific Asset Enhanced Fl Rate
12,AdvisorShares Wilshire Buyback
13,AdvisorShares Sage Core Reserves
14,Madrona Global Bond
15,AdvisorShares Dorsey Wright Micro-Cap
16,AdvisorShares Cornerstone Small Cap
17,Star Global Buy-Write
18,AdvisorShares New Tech and Media
19,AdvisorShares Sabretooth Digital Ledger
20,Anfield Universal Fixed Income
21,AGFiQ Global Infrastructure
22,AGFiQ Dynamic Hedged U.S. Equity
23,Alpha Architect Value Momentum Trend
24,MomentumShares U.S. Quantitative Momentum
25,MomentumShares International Quantitative Momentum
26,Alpha Architect Freedom 100 Emerging Markets
27,ALPS Alerian MLP
28,ALPS Sector Dividend Dogs
29,ALPS Internatl Sector Dividends Dogs
30,ALPS RiverFront Strategic Income
31,ALPS Medical Breakthroughs
32,ALPS Sprott Junior Gold Miners
33,ALPS Sprott Gold Miners
34,ALPS Clean Energy
35,ALPS Disruptive Technologies
36,ALPS Alerian Energy Infrastructure
37,ALPS Emerging Sector Dividend Dogs
38,ALPS Barronâ€™s 400
39,ALPS Equal Sector Weight
40,Cohen & Steers Global Reality Majors
41,American Century STOXX U.S. Quality Value
42,American Century Diversified Corporate Bond
43,Amplify BlackSwan Growth & Treasury Core
44,Amplify Transformational Data Sharing
45,Amplify Online Retail
46,Amplify YieldShares CWP Dividend Option Income
47,Amplify Seymour Cannabis
48,Amplify EASI Tactical Growth
49,Amplify CrowdBureau(R) Peer-to-Peer Lending & Crow
50,Amplify Advanced Battery Metals and Materials
51,Amplify International Online Retail
52,Aptus Defined Risk
53,Aptus Collared Income Opportunity
54,ARK Innovation
55,ARK Web X.0
56,ARK Genomic Revolution Multi-Sector
57,ARK Industrial Innovation
58,ARK Fintech Innovation
59,The 3D Printing
60,ARK Israeli Innovation Hedged
61,Arrow Reserve Capital Management
62,Arrow Dow Jones Global Yield
63,Arrow DWA Country Rotation
64,Arrow Dogs of the World
65,Arrow QVM Equity Factor
66,Arrow Investments DWA Tactical
67,Assured Guaranty Municipal Holdings Inc
68,Barclays Bank iPath Silver ETN
69,Barclays Bank iPath Gold ETN
70,iPath Bloomberg Commodity Total Return Exp 12 June
71,Barclays ETN Plus Select MLP
72,iPath S&P GSCI Crude Oil Total Return
73,iPath Bloomberg Cocoa Subindex Total Return Exp 24
74,Barclays Bank iPath S&P MLP
75,Barclays + Shiller CAPE Exp 12 Oct 2022
76,iPath Bloomberg Natural Gas Subindex Total Return
77,Barclays + S&P VEQTOR Exp 08 Sep 2020
78,Barclays Bk PLC iPath Bloomberg Grains Subindex To
79,Barclays Bank Return on Disability
80,Barclays FI Enhanced Europe 50 B
81,iPath Pure Beta Crude Oil Exp 18 Apr 2041
82,iPath S&P 500 Dynamic VIX Exp 18 Aug 2021
83,Barclays Women in Leadership
84,iPath Pure Beta Broad Commodity Exp 18 Apr 2041
85,Barclays Bank iPath US Treasury Long Bond Bull
86,iPath GSCI Total Return Exp 12 Jun 2036
87,Barclays Bank iPath Bloomberg Lead Sub Total Retur
88,US Vegan Climate
89,BioShares Biotechnology Products
90,BioShares Biotechnology Clinical Trials
91,iShares Robotics and Artificial Intelligence
92,BlackRock MuniAssets Closed Fund
93,BlackRock US Equity Factor Rotation
94,iShares iBonds Dec 2025 Term Muni Bond
95,iShares MSCI USA Small-Cap ESG Optimized
96,iShares Focused Value Factor
97,iShares Inflation Hedged Corporate Bond
98,iShares MSCI Japan Value
99,iShares MSCI Japan Equal Weighted
100,iShares US Aggregate Bond Acc
101,iShares $ Short Duration Corp Bond Acc
102,iShares $ Treasury Bond 3-7Yr UCITS Acc
103,iShares $ Floating Rate Bond UCITS Acc USD
104,iShares Edge MSCI World Min Vol
105,iShares $ High Yield Corp Bond Acc Share Class
106,BMO REX MicroSectors FANG Index 3X Leveraged
107,BMO REX MicroSectors FANG Index -3X Inverse Levera
108,Bank of Montreal MicroSectors FANG Index 2X Invers
109,Bank of Montreal MicroSectors FANG Index Inverse E
110,Bank of Montreal MicroSectors FANG Index 2X Levera
111,MicroSectors US Big Banks Index 3X Leveraged
112,MicroSectors US Big Banks Index 3X Inverse Leverag
113,MicroSectors US Big Banks Index 2X Leveraged
114,MicroSectors US Big Banks Index 2X Inverse Leverag
115,MicroSectors U S Big Banks Index 2X Inverse Levera
116,MicroSectors US Big Oil Index 3X Leveraged
117,MicroSectors US Big Oil Index 3X Inverse Leveraged
118,MicroSectors US Big Oil Index 2X Leveraged
119,MicroSectors US Big Oil Index 2X Inverse Leveraged
120,MicroSectors US Big Oil Index Inverse
121,Motley Fool 100
122,Breakwave Dry Bulk Shipping
123,Cambria Tail Risk
124,Cambria Global Value
125,Cambria Global Momentum
126,Cambria Emerging Shareholder Yield
127,Cambria Global Asset Allocation
128,Cambria Shareholder Yield
129,Cambria Core Equity
130,Cambria Cannabis
131,Cambria Value and Momentum
132,Cambria Foreign Shareholder Yield
133,Cambria Sovereign Bond
134,ERShares Non US Small Cap
135,Citigroup C-Tracks Miller/Howard MLP Fundamental
136,Citigroup C-Tracks Miller/Howard Strategic Dividen
137,Citigroup C Tracks Miller Howard MLP Fundamental B
138,Columbia EM Consumer
139,Columbia EM Core ex-China
140,Columbia India Consumer
141,Columbia Sustainable US Equity Income
142,Columbia Sustainable International Equity Income
143,Columbia Sustainable Global Equity Income
144,Columbia Multi Sector Municipal Income
145,Columbia Diversified Fixed Income Allocation
146,Victory CEMP Developed Enhanced Volatility Weighte
147,Victory CEMP US Discovery Enhanced Volatility Weig
148,Victory CEMP US 500 Volatility Weighted
149,Victory CEMP US Small Cap High Dividend Volatility
150,Victory CEMP US Large Cap High Div Volatility Weig
151,Victory CEMP US EQ Income Enhanced Volatility Weig
152,Victory CEMP US 500 Enhanced Volatility Weighted
153,Victory CEMP International High Dividend Volatilit
154,Victory CEMP US Small Cap Volatility Weighted
155,Victory CEMP International Volatility Weighted
156,Credit Suisse X-Links Monthly Pay 2xLeveraged Mort
157,Credit Suisse X-Links Monthly Pay 2xLeveraged Aler
158,Credit Suisse X Links Gold Shares Covered Call
159,Credit Suisse X Links Silver Shares Covered Call
160,Credit Suisse FI Large Cap Growth Enhanced
161,Credit Suisse FI Enhanced Europe 50
162,Credit Suisse X Links Multi Asset High Income
163,Credit Suisse SP MLP
164,CSOP FTSE China A50 US
165,CSOP MSCI China A Intl Hedged
166,Cushing Utility & MLP
167,Cushing Energy Supply Chain & MLP
168,Cushing Energy & MLP
169,Cushing Transportation & MLP
170,Davis Select Financial
171,Davis Select Worldwide
172,Davis Select International
173,Xtrackers MSCI USA ESG Leaders Equity
174,Defiance Next Gen Connectivity
175,DeltaShares S&P 500 Managed Risk
176,DeltaShares S&P International Managed Risk
177,DeltaShares S&P 400 Managed Risk
178,DeltaShares S&P EM 100 & Managed Risk
179,DeltaShares S&P 600 Managed Risk
180,Xtrackers S&P 500 ESG
181,Xtrackers MSCI ACWI ex USA ESG Leaders Equity
182,DB Gold Double Short
183,Deutsche Bank FI Enhanced Global High Yield
184,DB Agriculture Short
185,Deutsche X-trackers Harvest CSI 300 China A-Shares
186,Deutsche X-trackers MSCI EAFE Hedged Equity
187,Deutsche X-trackers MSCI Japan Hedged Equity
188,Deutsche X-trackers MSCI Europe Hedged Equity
189,Deutsche X-trackers High Yield Corporate
190,Deutsche X-trackers MSCI EAFE High Dividend Yield
191,Xtrackers International Real Estate
192,Deutsche X-trackers Municipal Infrastructure Reven
193,Deutsche X-trackers MSCI Emerging Markets Hedged E
194,Deutsche X trackers Russell 1000
195,Deutsche X-trackers Investment Grade Bond Interest
196,Deutsche X-trackers Harvest CSI 500
197,Deutsche X-trackers MSCI All World ex US Hedged Eq
198,Deutsche X-trackers MSCI All World ex US High Divi
199,Deutsche X-trackers MSCI South Korea Hedged Equity
200,Deutsche X trackers FTSE Developed
201,Deutsche X-trackers JPX-Nikkei 400 Equity
202,Deutsche X-trackers MSCI Eurozone
203,Deutsche X-trackers MSCI All China Equity
204,Deutsche X-trackers Emerging Markets Bond Interest
205,Deutsche X-trackers High Yield Corporate Bond Inte
206,Deutsche X-trackers MSCI Germany Hedged Equity
207,Deutsche X-trackers Barclays International Treasur
208,Deutsche X-trackers Russell 2000 Comprehensive Fac
209,Deutsche X-trackers Barclays International Corpora
210,Deutsche Xtrackers MSCI Southern EU
211,Deutsche X-trackers CSI 300 China A-Shares Hedged
212,Deutsche X-trackers FTSE Emerging Comprehensive Fa
213,Direxion Daily S P Oil Gas Exp Bull
214,Direxion Daily Gold Miners Bull 3X Shares
215,Direxion Daily Gold Miners Bear 3X Shares
216,Direxion Daily Junior Gold Miners Bear 3X Shares
217,Direxion Daily S&P 500 Bear 3X Shares
218,Direxion Daily Semiconductor Bear 3X Shares
219,Direxion Daily Junior Gold Miners Bull 3X Shares
220,Direxion Daily Natural Gas Related Bull 3X Shares
221,Direxion Daily Small Cap Bear 3X Shares
222,Direxion Daily S&P 500 Bull 3X Shares
223,Direxion Daily Energy Bull 3X Shares
224,Direxion Daily Small Cap Bull 3X Shares
225,Direxion Daily SP Biotech Bear 3X
226,Direxion Daily Technology Bear 3X Shares
227,Direxion Daily Brazil Bull 3X Shares
228,Direxion Daily FTSE China Bull 3x Shares
229,Direxion Daily SP Biotech Bull 3X
230,Direxion Daily 20+ Year Treasury Bear 3X Shares
231,Direxion Daily 20+ Year Treasury Bull 3X Shares
232,Direxion Daily S P Oil Gas Exp Bear
233,Direxion Daily Semiconductor Bull 3X Shares
234,Direxion Daily Financial Bull 3X Shares
235,Direxion Daily Financial Bear 3X Shares
236,Direxion Daily CSI China Internet Bull 2X Shares
237,Direxion Daily Energy Bear 3X Shares
238,Direxion Daily CSI 300 China A Shar
239,Direxion Daily FTSE CHINA Bear 3x Shares
240,Direxion Daily South Korea Bull 3X Shares
241,Direxion Daily Technology Bull 3X Shares
242,Direxion Daily Russia Bear 3X Shares
243,Direxion Daily Emerging Markets Bull 3X Shares
244,Direxion NASDAQ-100 Equal Weighted Shares
245,Direxion Daily Natural Gas Related Bear 3X
246,Direxion Daily Emerging Markets Bear 3X Shares
247,Direxion Daily Homebuilders & Supplies Bull 3X Sha
248,Direxion Daily Real Estate Bull 3X Shares
249,Direxion Daily Healthcare Bull 3X Shares
250,Direxion Zacks MLP High Income Shares
251,Direxion Daily Robotics Artificial Intelligence &
252,Direxion Daily Real Estate Bear 3X Shares
253,Direxion Daily Utilities Bull 3X Shares
254,Direxion Daily Retail Bull 3X Shares
255,Direxion Daily Aerospace & Defense Bull 3X Shares
256,Direxion Daily Transportation Bull 3X Shares
257,Direxion Daily Regional Banks Bull 3X Shares
258,Direxion Daily MSCI India Bull 3X Shares
259,Direxion Daily 7-10 Year Treasury Bear 3X Shares
260,Direxion Daily Mid Cap Bull 3X Shares
261,Direxion Daily Russia Bull 3X Shares
262,Direxion Daily Developed Markets Bull 3X
263,Direxion Daily S&P 500 Bull 2X Shares
264,Direxion All Cap Insider Sentiment Shares
265,Direxion Daily Latin America Bull 3X Shares
266,Direxion Daily Industrials Bull 3X Shares
267,Direxion Daily FTSE Europe Bull 3X Shares
268,Direxion Daily Regional Banks Bear 3X Shares
269,Direxion Daily CSI 300 China
270,Direxion Daily Pharmaceutical & Medical Bull 2X Sh
271,Direxion Daily SP 500 Bull
272,Direxion Daily Developed Markets Bear 3X
273,Direxion Daily S&P 500 Bear 1X Shares
274,Direxion Daily 7-10 Year Treasury Bull 3X Shares
275,Direxion Daily Mid Cap Bear 3X Shares
276,Direxion Daily MSCI Mexico Bull 3X Shares
277,Direxion Daily Japan Bull 3x Shares
278,Direxion Daily 20+ Year Treasury Bear 1X Shares
279,Direxion Auspice Broad Commodity Strategy
280,Direxion Daily Communication Services Idx Bear 3X
281,Direxion Daily European Financials Bull 2X Shares
282,Direxion Daily Small Cap Bull 2X Shares
283,Direxion Daily Small Cap Bull 1.25X Shares
284,Direxion Daily Communication Services Idx Bear 3X
285,Direxion Daily Total Bond Market Bear 1X Shares
286,Direxion Daily High Yield Bear 2X Shares
287,Direxion Daily 7-10 Year Treasury Bear 1X Shares
288,Direxion Daily EURO STOXX 50 Bull 3X Shares
289,Direxion Daily Consumer Staples Bull 3X Shares
290,Direxion Daily Consumer Staples Bear 3X Shares
291,Direxion Daily Consumer Discretionary Bull 3X Shs
292,Distillate US Fundamental Stability & Value
293,Doubleline Opportunistic Credit
294,Eaton Vance Stock NextShares
295,Rogers International Commodity Total Return
296,Rogers International Commodity Agriculture Total R
297,Rogers International Commodity Energy Total Return
298,Rogers International Commodity Metals Total Return
299,Swedish Export Credit ELEMENTS Linked to MLCX Grai
300,ELEMENTS Dogs of the Dow Linked to Dow Jones High
301,ELEMENTS Morningstar Wide Moat Focus Total Return
302,ELEMENTS SPECTRUM Large CAP US Momentum
303,ELEMENTS Linked to MLCX Biofuels Total Return
304,Entrepreneur 30 Fund
305,ROBO Global Robotics Automation
306,EMQQ Emerging Markets Internet and Ecommerce
307,Hull Tactical US
308,InfraCap MLP
309,ETFis Virtus WMC Global Factor Opportunities
310,AI Powered Equity
311,Etho Climate Leadership US
312,BlueStar TA-BIGITech Israel Tech
313,ETFS Physical Swiss Gold Shares
314,ETFS Physical Silver Shares
315,ETFS Physical Platinum Shares
316,ETFS Physical Precious Metal Basket Shares
317,ETFS Physical Palladium Shares
318,ETFS Bloomberg All Commodity Strategy K-1 Free
319,ETFS Bloomberg All Commodity Longer Dated Strategy
320,U.S. Global GO GOLD and Precious Metal Miners
321,Opus Small Cap Value Plus
322,Deep Value
323,AlphaClone Alternative Alpha
324,Aptus Behavioral Momentum
325,Gadsden Dynamic Growth
326,LHA Market State Tactical U.S. Equity
327,Change Finance Diversified Imp US Large Cap Fossil
328,Defiance Quantum
329,Gadsden Dynamic Multi-Asset
330,Loncar Cancer Immunotherapy
331,CBOE Vest S&P 500 Dividend Aristocrats Target Inco
332,AAM S&P Developed Markets High Dividend Value
333,American Energy Independence
334,American Customer Satisfaction Core Alpha
335,AI Powered International Equity
336,Defiance Next Gen Video Gaming
337,AlphaMark Actively Managed Small
338,ClearShares Ultra Short Maturity
339,NYSE Pickens Oil Response
340,Evolve Marijuana
341,U.S. Diversified Real Estate
342,InsightShares LGBT Employment Equality
343,InsightShares Patriotic Employers
344,Perth Mint Physical Gold
345,Fundamental Income Net Lease Real Estate
346,Vesper US Large Cap Short-Term Reversal Strategy
347,Innovation Shares NextGen Protocol
348,QRAFT AI-Enhanced U.S. Large Cap
349,QRAFT AI-Enhanced U.S. Large Cap Momentum
350,Fidelity MSCI Real Estate
351,Fidelity MSCI Information Technology
352,Fidelity MSCI Utilities
353,Fidelity Total Bond
354,Fidelity MSCI Energy
355,Fidelity MSCI Financials
356,Fidelity Core Dividend
357,Fidelity MSCI Industrials
358,Fidelity MSCI Consumer Staples
359,Fidelity MSCI Health Care
360,Fidelity Corporate Bond
361,Fidelity MSCI Consumer Discretionary
362,Fidelity MSCI Telecommunications Services
363,Fidelity Low Volatility
364,Fidelity High Yield Factor
365,Fidelity Dividend for Rising Rates
366,Fidelity Value
367,Fidelity MSCI Materials
368,Fidelity NASDAQ Composite
369,Fidelity Limited Term Bond
370,Fidelity Low Duration Bond Factor
371,Fidelity Quality
372,Fidelity Momentum
373,Fidelity International High Dividend
374,Fidelity International Value Factor
375,Fidelity Small-Mid Factor
376,Fidelity Targeted International Factor
377,Fidelity Targeted Emerging Markets Factor
378,First Trust Developed International Equity Select
379,First Trust Mid Cap US Equity Select
380,First Trust Small Cap US Equity Select
381,First Trust Large Cap US Equity Select
382,First Trust Emerging Markets Equity Select
383,First Trust US Equity Dividend Select
384,First Trust NASDAQ-100 Equal Weighted
385,First Trust Preferred Securities And Income
386,First Trust Value Line Dividend
387,First Trust Enhanced Short Maturity
388,First Trust North American Energy Infrastructure
389,First Trust ISE-Revere Natural Gas
390,First Trust Consumer Staples AlphaDEX
391,First Trust Low Duration Opportunities
392,First Trust Senior Loan
393,First Trust Financial AlphaDEX
394,First Trust Large Cap Core AlphaDEX
395,First Trust Dow Jones Internet
396,First Trust Dorsey Wright International Focus 5
397,First Trust NASDAQ Rising Dividend Achievers
398,First Trust STOXX European Select Dividend
399,First Trust RBA Quality Income
400,First Trust Utilities AlphaDEX
401,First Trust Capital Strength
402,First Trust Dorsey Wright Focus 5
403,First Trust Morningstar Dividend Leaders
404,First Trust Managed Municipal
405,First Trust Dorsey Wright Dynamic Focus 5
406,First Trust Latin America AlphaDEX
407,First Trust BICK
408,First Trust Tactical High Yield
409,First Trust Dow Jones Global Select Dividend
410,First Trust NASDAQ-100 Tech Sector
411,First Trust SSI Strategic Convertible Securities
412,First Trust Mid Cap Growth AlphaDEX
413,First Trust Emerging Markets AlphaDEX
414,First Trust NASDAQ CEA Cybersecurity
415,First Trust Developed Markets Ex-US AlphaDEX
416,First Trust ISE Cloud Computing
417,First Trust Technology AlphaDEX
418,First Trust Germany AlphaDEX
419,First Trust Large Cap Value AlphaDEX
420,First Trust Mid Cap Value AlphaDEX
421,First Trust US IPO
422,First Trust Industrials/Producer Durables AlphaDEX
423,First Trust Multi-Asset Diversified Income
424,First Trust NASDAQ Technology Dividend
425,First Trust Mid Cap Core AlphaDEX
426,First Trust Energy AlphaDEX
427,First Trust Nasdaq Bank
428,First Trust Large Cap Growth AlphaDEX
429,First Trust Horizon Managed Volatility DM
430,First Trust Switzerland AlphaDEX
431,First Trust Low Duration Strategic Focus
432,First Trust NYSE Arca Biotechnology
433,First Trust Europe AlphaDEX
434,First Trust Institutional Preferred Securities and
435,First Trust Health Care AlphaDEX
436,First Trust Consumer Discretionary AlphaDEX
437,First Trust S&P REIT
438,First Trust Materials AlphaDEX
439,First Trust Small Cap Growth AlphaDEX
440,First Trust Global Tactical Commodity Strategy
441,First Trust Small Cap Value AlphaDEX
442,First Trust Emerging Markets Local Currency Bond
443,First Trust ISE Global Wind Energy
444,First Trust Horizon Managed Volatility Domestic
445,First Trust ISE Water
446,First Trust Long/Short Equity
447,First Trust Small Cap Core AlphaDEX
448,First Trust Brazil AlphaDEX
449,First Trust Nasdaq Semiconductor
450,First Trust Strategic Income
451,First Trust Emerging Markets Small Cap AlphaDEX
452,First Trust NASDAQ Clean Edge Green Energy
453,First Trust RBA American Industrial Renaissance
454,First Trust Municipal High Income
455,First Trust NASDAQ Smartphone
456,First Trust International IPO
457,First Trust High Income
458,First Trust Lunt US Factor Rotation
459,First Trust RiverFront Dynamic DM
460,First Trust Japan AlphaDEX
461,First Trust NASDAQ ABA Community Bank
462,First Trust Dow 30 Equal Weight
463,First Trust ISE Chindia
464,First Trust Nasdaq Artificial Intelligence and Rob
465,First Trust China AlphaDEX
466,First Trust Alternative Absolute Return Strategy
467,First Trust NASDAQ-100 Ex-Technology Sector
468,First Trust Dow Jones Select MicroCap
469,First Trust Dorsey Wright Peoples Portfolio
470,First Trust Total US Market AlphaDEX
471,First Trust United Kingdom AlphaDEX
472,First Trust SMID Cap Rising Dividend Achievers
473,First Trust Eurozone AlphaDEX
474,First Trust RiverFront Dynamic EM
475,First Trust Value Line 100 Exchange-Traded
476,First Trust Asia Pacific Ex-Japan AlphaDEX
477,First Trust ISE Global Engineering & Construction
478,First Trust Multi Cap Growth AlphaDEX
479,First Trust Multi Cap Value AlphaDEX
480,First Trust FTSE EPRA/NAREIT Global Developed Mark
481,First Trust RiverFront Dynamic Asia Pacific
482,First Trust Ultra Short Duration Municipal
483,First Trust Intl Multi-Asset Diversified Inc
484,First Trust Low Beta Income
485,First Trust Global Natural Resources Income
486,First Trust CEF Income Opportunity
487,First Trust Hong Kong AlphaDEX
488,First Trust Nasdaq Food & Beverage
489,First Trust Global Agriculture
490,First Trust Mega Cap AlphaDEX
491,First Trust Indxx Innovative Transaction & Process
492,First Trust NASDAQ Clean Edge Smart Grid Infrastru
493,First Trust Dorsey Wright DALI 1
494,First Trust Long Duration Opportunities
495,First Trust Taiwan AlphaDEX
496,First Trust Nasdaq Oil & Gas
497,First Trust Nasdaq Retail
498,First Trust NASDAQ Global Auto
499,First Trust Dow Jones International Internet
500,First Trust RiverFront Dynamic Europe
501,First Trust Canada AlphaDEX
502,First Trust Municipal CEF Income Opportunity
503,First Trust Nasdaq Transport
504,First Trust Developed Markets ex-US Small Cap Alph
505,First Trust Australia AlphaDEX
506,First Trust Morningstar Managed Futures Strategy
507,First Trust Nasdaq Pharm
508,First Trust South Korea AlphaDEX
509,First Trust Heitman Global Prime Real Estate
510,First Trust TCW Unconstrained Plus Bond
511,EquityCompass Tactical Risk Manager
512,EquityCompass Equity Risk Manager
513,FlexShares Morningstar Global Upstream Natural Res
514,FlexShares International Quality Dividend
515,FlexShares International Quality Dividend Dynamic
516,FlexShares Quality Dividend
517,FlexShares Global Quality Real Estate
518,FlexShares iBoxx 3-Year Target Duration TIPS
519,FlexShares Morningstar Dev Mkts exUS Factors Tilt
520,FlexShares iBoxx 5-Year Target Duration TIPS
521,FlexShares STOXX Global Broad Infrastructure
522,FlexShares Morningstar Emerging Markets Factors Ti
523,FlexShares Quality Dividend Defensive
524,FlexShares Ready Access Variable Income
525,FlexShares Morningstar US Market Factor Tilt
526,FlexShares High Yield Value-Scored Bond Index
527,FlexShares Core Select
528,FlexShares US Quality Large Cap
529,FlexShares Credit-Scored US Corp Bond
530,FlexShares Credit-Scored US Long Corporate Bond
531,FlexShares Developed Markets ex-US Quality Low Vol
532,FlexShares Real Assets Allocation
533,FlexShares Disciplined Duration MBS
534,FlexShares International Quality Dividend Defensiv
535,FlexShares STOXX Global ESG Impact
536,FlexShares Currency Hedged Morningstar EM
537,FlexShares US Quality Low Volatility
538,FlexShares Emerging Markets Quality Low Volatility
539,FlexShares STOXX US ESG Impact
540,FlexShares Quality Dividend Dynamic
541,FlexShares Currency Hedged Morningstar DM ex-US
542,Franklin LibertyQ US
543,Franklin Liberty Investment Grade Corporate
544,Franklin FTSE Japan
545,Franklin Short Dur US Gov
546,Franklin Liberty US Low Volatility
547,Franklin FTSE Switzerland
548,Franklin FTSE Russia
549,Franklin FTSE India
550,Franklin FTSE China
551,Franklin FTSE South Korea
552,Franklin LibertyQ Emerging Markets
553,Franklin FTSE United Kingdom
554,Franklin LibertyQ Global Dividend
555,Franklin FTSE France
556,Franklin LibertyQ US Small Cap Equity
557,Franklin FTSE Taiwan
558,Franklin FTSE Australia
559,Franklin FTSE Hong Kong
560,Franklin FTSE Asia ex Japan
561,Franklin Liberty International Opportunities
562,Franklin FTSE Brazil
563,Franklin FTSE Canada
564,Franklin FTSE Italy
565,Franklin FTSE Germany
566,Franklin LibertyQ Int Eq Hdg
567,Franklin LibertyQ U.S. Mid Cap Equity
568,Franklin FTSE Mexico
569,Franklin FTSE Japan Hedged
570,Franklin FTSE Europe
571,Franklin LibertyQ Global Equity
572,Franklin Liberty International Aggregate Bond
573,Franklin FTSE South Africa
574,GaveKal Knowledge Leaders Developed World
575,Global X MLP
576,Global X US Infrastructure Development
577,Global X Robotics & AI USD
578,Global X SuperDividend REIT
579,Global X SuperDividend US
580,Global X MLP & Energy Infrastructure
581,Global X SuperDividend
582,Global X US Preferred
583,Global X Lithium
584,Global X Silver Miners
585,Global X MSCI Pakistan
586,Global X FTSE Greece 20
587,Global X Copper Miners
588,Global X SuperIncome Preferred
589,Global X Uranium
590,Global X China Consumer
591,Global X FinTech Thematic
592,Global X MSCI Norway
593,Global X Millennials Thematic
594,Global X Internet of Things Thematic USD
595,Global X MSCI Portugal
596,Global X MSCI Argentina
597,Global X MSCI Colombia
598,Global X China Financials
599,Global X Future Analytics Tech
600,Global X Yieldco
601,Global X Autonomous & Electric Vehicles
602,Global X Conscious Companies
603,Global X S&P 500 Catholic Values
604,Global X Gold Explorers
605,Global X MSCI China Consumer Staples
606,Global X MSCI SuperDividend EAFE
607,Global X Social Media
608,Global X SuperDividend Alternatives
609,Global X MSCI Nigeria
610,Global X Adaptive U.S. Factor
611,Global X TargetIncome 5
612,Global X SuperDividend Emerging Mar
613,Global X Guru
614,Global X Longevity Thematic
615,Global X Southeast Asia
616,Global X China Industrials
617,Global X Scientific Beta Europe
618,Global X Scientific Beta US
619,Global X Next Emerging & Frontier
620,Global X FTSE Nordic Region
621,Global X Scientific Beta Asia ex Japan
622,Global X MSCI China Communication Services
623,Global X Scientific Beta Japan
624,Global X Fertilizers/Potash
625,Global X China Materials
626,Global X China Energy
627,Global X JPMorgan US Sector Rotator
628,Global X JPMorgan Efficiente
629,Global X E-commerce
630,Global X Cloud Computing
631,Global X Russell 2000 Covered Call
632,Global X S&P 500 Quality Dividend
633,Goldman Sachs ActiveBeta International Equity
634,Goldman Sachs ActiveBeta US Large Cap Equity
635,Goldman Sachs TreasuryAccess 0-1
636,Goldman Sachs ActiveBeta Emerging Markets Equity
637,GS Finance Large Cap Growth Index Linked Exp 2028
638,Goldman Sachs Equal Weight U.S. Large Cap Equity
639,Goldman Sachs Access Ultra Short Bond
640,Goldman Sachs JUST U.S. Large Cap Equity
641,Goldman Sachs ActiveBeta Japan Equity
642,Goldman Sachs Hedge Industry VIP
643,Goldman Sachs Motif Data-Driven World
644,Goldman Sachs Motif Finance Reimagined
645,Goldman Sachs ActiveBeta Europe Equity
646,Goldman Sachs Motif Human Evolution
647,Goldman Sachs Motif Manufacturing Revolution
648,Goldman Sachs Access Inflation Protected USD Bond
649,Goldman Sachs Motif New Age Consumer
650,Claymore CEF GS Connect Due 12/10/2037
651,GS Connect S&P GSCI Enhanced Commodity Total Retur
652,GraniteShares Gold Trust
653,GraniteShares HIPS US High Income
654,Guggenheim Invest S&P 500 Pure Value
655,Guggenheim Enhanced Short Duration
656,Guggenheim BulletShares 2021 Corporate Bond
657,Guggenheim BulletShares 2020 Corporate Bond
658,Guggenheim BulletShares 2023 Corporate Bond
659,Guggenheim Invest S&P 500 Equal Weight
660,Guggenheim CurrencyShares Euro
661,Guggenheim Solar
662,Guggenheim BulletShares 2022 High Yield Corp Bond
663,Guggenheim BulletShares 2022 Corporate Bond
664,Guggenheim BulletShares 2025 Corporate Bond
665,Guggenheim CurrencyShares Japanese Yen
666,Guggenheim Invest BulletShares 2020 High Yield Cor
667,Guggenheim BulletShares 2027 Corporate Bond
668,Guggenheim BulletShares 2019 Corporate Bond
669,Guggenheim BulletShares 2021 High Yield Corp Bond
670,Guggenheim Invest BulletShares 2019 High Yield Cor
671,Guggenheim Invest China Technology
672,Guggenheim BulletShares 2024 Corporate Bond
673,Guggenheim Invest S&P Global Water
674,Guggenheim Invest S&P 500 Pure Growth
675,Guggenheim Invest Defensive Equity
676,Guggenheim BulletShares 2023 High Yield Corp Bond
677,Guggenheim Invest S&P 500 Equal Weight Technology
678,Guggenheim Invest Mid-Cap Core
679,Guggenheim BulletShares 2024 High Yield Corp
680,Guggenheim BulletShares 2025 High Yield Corporate
681,Guggenheim BulletShares 2026 Corporate
682,Invesco Shipping ETF
683,Guggenheim S&P 500 Top 50
684,Guggenheim Invest S&P SmallCap 600 Pure Value
685,Guggenheim CurrencyShares Australian Dollar
686,Guggenheim Invest S&P 500 Equal Weight Energy
687,Guggenheim CurrencyShares British Pound Sterling
688,Guggenheim Invest S&P MidCap 400 Pure Value
689,Guggenheim Invest Multi-Asset Income
690,Guggenheim Invest S&P 500 Equal Weight Utilities
691,Guggenheim Total Return Bond
692,Guggenheim CurrencyShares Swiss Franc
693,Guggenheim Invest S&P 500 Equal Weight Consumer St
694,Guggenheim Invest S&P 500 Equal Weight Health Care
695,Guggenheim Invest S&P 500 Equal Weight Financials
696,Guggenheim Dow Jones Industrial Average Dividend
697,Guggenheim CurrencyShares Canadian Dollar
698,Guggenheim Invest Raymond James SB-1 Equity
699,Guggenheim Invest Frontier Markets
700,Guggenheim S&P Spin-Off
701,Guggenheim MSCI Global Timber
702,Guggenheim Invest China Small Cap
703,Guggenheim Invest S&P 500 Equal Weight Industrials
704,Guggenheim Invest S&P SmallCap 600 Pure Growth
705,Guggenheim Invest China Real Estate
706,Guggenheim S&P 500 Equal Weight Real Estate
707,Guggenheim Invest S&P 500 Equal Weight Materials
708,Guggenheim Invest S&P MidCap 400 Pure Growth
709,Guggenheim Invest BRIC
710,Guggenheim SP High Income Infrastr
711,Guggenheim Invest S&P 500 Equal Weight Consumer Di
712,Guggenheim S&P SmallCap 600 EW
713,Guggenheim Invest Insider Sentiment
714,Guggenheim S&P MidCap 400 EW
715,Guggenheim Invest S&P Global Dividend Opptys
716,Guggenheim MSCI EM Equal Country Weight
717,Guggenheim CurrencyShares Swedish Krona
718,Guggenheim CurrencyShares Singapore Dollar Trust
719,Guggenheim CurrencyShares Chinese Renminbi
720,Hartford Schroders Tax Aware Bond
721,Hartford Total Return Bond
722,Hartford Municipal Opportunities
723,Hartford Multifactor Low Volatility US Equity
724,Hartford Multifactor Low Volatility International
725,Horizons SP 500 Covered Call
726,Horizons DAX Germany
727,Hoya Capital Housing
728,iM DBi Managed Futures Strategy
729,Impact Shares YWCA Womens Empowerment
730,IQ Ultra Short Duration
731,IQ Short Duration Enhanced Core Bond US
732,IQ 500 International
733,Innovator S&P 500 Power Buffer October
734,Innovator IBD 50
735,Elkhorn Lunt Low Vol High Beta Tactical
736,Innovator S&P 500 Ultra Buffer October
737,Innovator S&P 500 Buffer October
738,Innovator Loup Frontier Tech
739,Elkhorn S&P High Quality Preferred
740,Innovator IBD ETF Leaders
741,Innovator S&P 500 Power Buffer - January
742,Innovator S&P 500 Ultra Buffer - July
743,Innovator S&P 500 Power Buffer - July
744,Innovator S&P 500 Buffer - January
745,Innovator S&P 500 Ultra Buffer - January
746,Innovator S&P 500 Power Buffer - April
747,Innovator S&P 500 Ultra Buffer - August
748,Innovator S&P 500 Power Buffer - August
749,Innovator S&P 500 Buffer ETF - April
750,Innovator S&P 500 Buffer - August
751,Innovator MSCI EAFE Power Buffer \July
752,Innovator MSCI Emerging Markets Power Buffer July
753,Innovator S&P 500 Power Buffer
754,Innovator S&P 500 Buffer
755,Innovator S&P 500 Ultra Buffer - April
756,Innovator S&P 500 Ultra Buffer
757,Innovator S&P 500 Buffer - July
758,Invesco 1-30 Laddered Treasury
759,Invesco Buyback Achievers
760,Direxion Russell 1000 Value Over Growth
761,Direxion Russell 1000 Growth Over Value
762,Invesco BulletShares 2028 Corporate Bond
763,Invesco S&P 500 Equal Weight Communication Svc
764,Direxion Russell Small Over Large Cap
765,Invesco BulletShares 2026 High Yield Corporate Bon
766,Direxion MSCI Cyclicals Over Defensives
767,Direxion FTSE Russell US Over International
768,Direxion MSCI Developed Over Emerging Markets
769,Direxion FTSE Russell International Over US
770,Direxion MSCI Defensives Over Cyclicals
771,Direxion MSCI Emerging Over Developed Markets
772,Direxion Russell Large Over Small Cap
773,Barclays iPath Series B S&P 500 VIX Short-Term Fut
774,iPath Series B Bloomberg Coffee Subindex Total Ret
775,iPath Series B Bloomberg Sugar Subindex Total Retu
776,iPath Series B S&P GSCI Crude Oil TR
777,iPath Series B Bloomberg Precious Metals Subindex
778,iPath Series B Bloomberg Industrial Metals Subinde
779,iPath Series B Bloomberg Nickel Subindex Total Ret
780,iPath Series B Bloomberg Agriculture Subindex Tota
781,IQ Merger Arbitrage
782,IQ Chaikin US Large Cap
783,IQ Chaikin US Small Cap
784,IQ Hedge Multi-Strategy Tracker
785,IQ 50 Percent Hedged FTSE International
786,IQ US Real Estate Small Cap
787,IQ Enhanced Core Plus Bond US
788,IQ Global Resources
789,IQ Hedge Long Short Tracker
790,IQ MacKay Shields Municipal Intermediate
791,IQ Leaders GTAA Tracker
792,IQ 50 Percent Hedged FTSE Europe
793,IQ Hedge Macro Tracker
794,IQ 50 Percent Hedged FTSE Japan
795,IQ Global Agribusiness Small Cap
796,IQ Hedge Event-Driven Tracker
797,IQ Enhanced Core Bond US
798,IQ Real Return
799,IQ Hedge Market Neutral Tracker
800,iShares MSCI Emerging Markets
801,iShares Silver
802,iShares China Large-Cap
803,iShares iBoxx $ High Yield Corporate Bond
804,iShares Gold
805,iShares MSCI Brazil Capped
806,iShares MSCI EAFE
807,iShares US Real Estate
808,iShares Russell 2000
809,iShares 20+ Year Treasury Bond
810,iShares Core MSCI Emerging Markets
811,iShares Core MSCI EAFE
812,iShares iBoxx $ Investment Grade Corporate Bond
813,iShares MSCI Japan
814,iShares 7-10 Year Treasury Bond
815,iShares Edge MSCI Min Vol
816,iShares JPMorgan USD EM Bond
817,ishares S&P 500
818,iShares US Preferred Stock
819,iShares MSCI South Korea Capped
820,iShares US Home Construction
821,iShares MSCI ACWI
822,iShares MSCI Eurozone
823,iShares Core S&P Small-Cap
824,iShares Core US Aggregate Bond
825,iShares MSCI Taiwan Capped
826,iShares Short Treasury Bond
827,iShares Core US Treasury Bond
828,iShares MSCI Hong Kong
829,iShares MSCI India
830,iShares Latin America 40
831,iShares Edge MSCI USA Momentum Factor
832,iShares Short Maturity Bond
833,iShares MSCI Australia
834,iShares MSCI Canada
835,iShares Russell 1000 Value
836,iShares 1-3 Year Treasury Bond
837,iShares MSCI China
838,iShares MSCI Mexico Capped
839,iShares MSCI EAFE Value
840,iShares MSCI Germany
841,iShares MSCI All Country Asia ex Japan
842,iShares MSCI United Kingdom
843,iShares Edge MSCI USA Quality Factor
844,iShares 0-5 Year High Yield Corporate Bond
845,iShares Floating Rate Bond
846,iShares Ultra Short Term Bond
847,iShares Core MSCI Europe
848,iShares Nasdaq Biotechnology
849,iShares Core S&P Total US Stock Market
850,iShares Edge MSCI USA Value Factor
851,iShares Core MSCI Total International Stock
852,iShares Core Dividend Growth
853,iShares Russell 2000 Value
854,iShares S&P 500 Value
855,iShares MBS
856,iShares Core 1-5 Year USD
857,iShares TIPS Bond
858,iShares 3-7 Year Treasury Bond
859,iShares MSCI EAFE Growth
860,iShares Intermediate Credit Bond
861,iShares MSCI France
862,iShares Short-Term Corporate Bond
863,iShares MSCI EAFE Small-Cap
864,iShares Russell 1000 Growth
865,iShares MSCI Switzerland Capped
866,iShares Russell Mid-Cap
867,iShares Russell 1000
868,iShares National AMT-Free Muni Bond
869,iShares S&P Midcap 400
870,iShares MSCI ACWI ex US
871,iShares MSCI Spain Capped
872,iShares MSCI Chile Capped
873,iShares Core US Value
874,iShares Edge MSCI Min Vol EAFE
875,iShares Edge MSCI Min Vol EM
876,iShares MSCI Singapore Capped
877,iShares MSCI Europe Financials
878,iShares Select Dividend
879,iShares Global Energy
880,iShares MSCI Global Metals & Mining Producers
881,iShares International Select Dividend
882,iShares Core Total USD Bond Market
883,iShares North American Tech-Software
884,iShares Russell 2000 Growth
885,iShares Russell Mid-Cap Growth
886,iShares 0-5 Year Invest Grade Corporate Bond
887,iShares Core US Growth
888,iShares US Energy
889,iShares MSCI Italy Capped
890,iShares MSCI Indonesia
891,iShares MSCI Turkey
892,iShares MSCI Malaysia
893,iShares US Financials
894,iShares Mortgage Real Estate Capped
895,iShares Europe
896,iShares PHLX Semiconductor
897,iShares US Medical Devices
898,iShares MSCI Pacific ex Japan
899,iShares S&P 500 Growth
900,iShares Morningstar Mid-Cap Growth
901,iShares Russell Mid-Cap Value
902,iShares US Aerospace & Defense
903,iShares Broad USD Investment Grade Corporate Bond
904,iShares Broad USD High Yield Corporate Bond
905,iShares MSCI Global Gold Miners
906,iShares Transportation Average
907,iShares Real Estate 50
908,iShares S&P 100
909,iShares Russell 3000
910,iShares Global Clean Energy
911,iShares MSCI South Africa
912,iShares Edge MSCI Min Vol Global
913,iShares Edge MSCI Intl Quality Factor
914,iShares Core High Dividend
915,iShares Intermediate Govt/Credit Bond
916,iShares Residential Real Estate Capped
917,iShares Edge MSCI Multifactor USA
918,iShares Edge MSCI Min Vol USA Small-Cap
919,iShares US Telecommunications
920,iShares MSCI Sweden Capped
921,iShares Currency Hedged MSCI EAFE
922,iShares Currency Hedged MSCI Japan
923,iShares MSCI Philippines
924,iShares MSCI EM ESG Optimized
925,iShares Edge MSCI Multifactor Intl
926,iShares Long-Term Corporate Bond
927,iShares Global Healthcare
928,iShares iBonds Dec 2020 Corporate
929,iShares MSCI Russia Capped
930,iShares Global REIT
931,iShares MSCI Netherlands
932,iShares MSCI Saudi Arabia Capped
933,iShares US Oil & Gas Exploration & Production
934,iShares iBonds Dec 2021 Corporate
935,iShares S&P GSCI Commodity-Indexed
936,iShares MSCI Poland Capped
937,iShares iBonds Dec 2019 Corporate
938,iShares S&P Small-Cap 600 Value
939,iShares Int Agg Bond
940,iShares iBonds Dec 2022 Corporate
941,iShares Emerging Markets Local Currency Bond
942,iShares Morningstar Mid-Cap
943,iShares International Treasury Bond
944,iShares 0-5 Year TIPS Bond
945,iShares Cohen & Steers REIT
946,iShares MSCI Thailand Capped
947,iShares iBonds Dec 2024 Corporate
948,iShares Short-Term National AMT-Free Muni Bond
949,iShares US Regional Banks
950,iShares Global Infrastructure
951,iShares North American Natural Resources
952,iShares Exponential Technologies
953,iShares MSCI EAFE ESG Optimized
954,iShares S&P Small-Cap 600 Growth
955,iShares Core Moderate Allocation
956,iShares MSCI Belgium Capped
957,iShares Core Conservative Allocation
958,iShares MSCI Austria Capped
959,iShares iBonds Dec 2023 Corporate
960,iShares Core MSCI Pacific
961,iShares Russell Top 200 Growth
962,iShares MSCI Global Silver Miners
963,iShares US Healthcare Providers
964,iShares S&P Mid-Cap 400 Growth
965,iShares Core Growth Allocation
966,iShares Emerging Markets High Yield Bond
967,iShares California AMT-Free Muni Bond
968,iShares iBonds Dec 2021 AMT Free Municipal
969,MSCI Frontier 100
970,iShares India 50
971,iShares iBonds Dec 2025 Corporate
972,iShares Emerging Markets Dividend
973,iShares 10-20 Year Treasury Bond
974,iShares MSCI China A
975,iShares Fallen Angels USD Bd
976,iShares US Technology
977,iShares MSCI World
978,iShares Yield Optimized Bond
979,iShares Currency Hedged MSCI Eurozo
980,iShares Edge MSCI Intl Value Factor
981,iShares iBonds Dec 2027 Term Corporate
982,iShares MSCI United Kingdom Small-Cap
983,iShares Global Tech
984,iShares US Financial Services
985,iShares US Healthcare
986,iShares Convertible Bond
987,iShares Morningstar Large-Cap Growth
988,iShares Short Maturity Muni Bond
989,iShares Edge MSCI Intl Momentum Factor
990,iShares S&P Mid-Cap 400 Value
991,iShares Core 10Y US Bd
992,iShares Core MSCI International Developed Market
993,iShares International Preferred Stock
994,iShares iBonds Dec 2026 Term Corporate
995,iShares US Basic Materials
996,iShares US Utilities
997,iShares Global Consumer Staples
998,iShares MSCI USA ESG Optimized
999,iShares Treasury Floating Rate Bond
1000,iShares Edge MSCI Multifactor USA Small-Cap
1001,iShares US Industrials
1002,iShares US Oil Equipment & Services
1003,iShares Global Timber & Forestry
1004,iShares Russell Top 200
1005,iShares Core Aggressive Allocation
1006,iShares MSCI All Peru Capped
1007,iShares Edge MSCI Multifactor Emerg
1008,iShares Micro-Cap
1009,iShares Russell Top 200 Value
1010,iShares MSCI India Small-Cap
1011,iShares Morningstar Multi-Asset Income
1012,iShares iBonds Dec 2022 AMT Free Municipal
1013,iShares MSCI Emerging Markets Small-Cap
1014,iShares MSCI KLD 400 Social
1015,iShares International Developed Property
1016,iShares CMBS
1017,iShares Global 100
1018,iShares US Consumer Goods
1019,iShares Currency Hedged MSCI ACWI ex US
1020,iShares Edge MSCI USA Size Factor
1021,iShares Aaa - A Rated Corporate Bond
1022,iShares Currency Hedged MSCI EAFE Small Cap
1023,iShares Commodities Strategy
1024,iShares MSCI Brazil Small-Cap
1025,iShares iBonds Dec 2024 Term Muni Bond
1026,iShares New York AMT-Free Muni Bond
1027,iShares iBonds Dec 2027 Term Muni Bond
1028,iShares MSCI USA Equal Weighted
1029,iShares Edge MSCI Min Vol Europe
1030,iShares Global Financials
1031,iShares iBonds Sep 2020 AMT Free Municipal
1032,iShares MSCI New Zealand Capped
1033,iShares Currency Hedged MSCI Germany
1034,iShares North American Tech
1035,iShares US Consumer Services
1036,iShares Global High Yield Corporate Bond
1037,iShares iBonds Dec 2023 Term Muni Bond
1038,iShares Dow Jones US
1039,iShares Global Telecom
1040,iShares International Developed Real Estate
1041,iShares Asia 50
1042,iShares iBonds 2021 Term High Yield and Income
1043,iShares Agency Bond
1044,iShares US Broker Dealers
1045,iShares MSCI Kokusai
1046,iShares MSCI Colombia Capped
1047,iShares Currency Hedged MSCI United Kingdom
1048,iShares MSCI USA ESG Select
1049,iShares Currency Hedged MSCI Emerging Markets
1050,iShares MSCI Emerging Markets Asia
1051,iShares Global Utilities
1052,iShares Morningstar Large-Cap Value
1053,iShares Emerging Markets Corporate Bond
1054,iShares iBoxx High Yld ex Oil & Gas Corp Bd
1055,iShares MSCI Finland Capped
1056,iShares GNMA Bond
1057,iShares Morningstar Mid-Cap Value
1058,iShares MSCI ACWI Low Carbon Target
1059,iShares iBonds Mar 2020 Corporate
1060,iShares MSCI Global Impact
1061,iShares Core 5-10
1062,iShares Evolved U.S. Consumer Staples
1063,iShares Edge US Fxd Incm Bal Rsk
1064,iShares Morningstar Large-Cap
1065,iShares Evolved U.S. Discretionary Spending
1066,iShares Interest Rate Hedged 10Y
1067,iShares US Pharmaceuticals
1068,iShares iBonds Mar 2020 Corp ex-Financials
1069,iShares Edge MSCI Intl Size Factor
1070,iShares MSCI Israel Capped
1071,iShares Russell 2500
1072,iShares Currency Hedged MSCI Canada
1073,iShares MSCI Europe Small-Cap
1074,iShares MSCI Argentina and Global Exposure
1075,iShares Evolved U.S. Technology
1076,iShares Morningstar Small-Cap Growth
1077,iShares MSCI Ireland
1078,iShares Interest Rate Hedged High Yield Bond
1079,iShares MSCI Global Energy Producers
1080,iShares North American Tech-Multimedia Networking
1081,iShares Morningstar Small-Cap Value
1082,iShares MSCI BRIC
1083,iShares Gold Strategy
1084,iShares Global Industrials
1085,iShares Edge MSCI Multifactor Global
1086,iShares MSCI Norway Capped
1087,iShares Government/Credit Bond
1088,iShares Cybersecurity and Tech
1089,iShares Global Materials
1090,iShares Asia/Pacific Dividend
1091,iShares Evolved U.S. Healthcare Staples
1092,iShares Int Div Grwth
1093,iShares Evolved U.S. Innovative Healthcare
1094,iShares MSCI Germany Small-Cap
1095,iShares MSCI Japan Small-Cap
1096,iShares US Insurance
1097,iShares Emerg Markets Infrastructure
1098,iShares Interest Rate Hedged Corproate Bond
1099,iShares Europe Developed Real Estate
1100,iShares Morningstar Small-Cap
1101,iShares Global Consumer Discretionary
1102,iShares MSCI Denmark Capped
1103,iShares iBonds Mar 2023 Corporate
1104,Shares JPX-Nikkei 400
1105,iShares MSCI EM ex China
1106,iShares iBonds 2025 Term High Yield and Income
1107,iShares Currency Hedged MSCI Australia
1108,iShares Evolved U.S. Media and Entertainment
1109,iShares iBonds Dec 2026 Term Muni Bond
1110,iShares U.S. Dividend and Buyback
1111,iShares MSCI Global Agriculture Producers
1112,iShares MSCI China Small-Cap
1113,iShares Genomics Immunology and Healthcare
1114,iShares Edge MSCI Min Vol Japan
1115,iShares iBonds 2023 Term High Yield and Income
1116,iShares Self-Driving EV and Tech
1117,iShares 1-3 Year International Treasury Bond
1118,iShares ESG MSCI USA Leaders
1119,iShares Currency Hedged MSCI Italy
1120,iShares MSCI Qatar Capped
1121,iShares Int High Yield Bond
1122,iShares MSCI UAE Capped
1123,iShares Adapt Cur Hdg MSCI EAFE
1124,iShares US Infrastructure
1125,iShares iBonds Mar 2023 Corp ex-Financials
1126,iShares Interest Rate Hedged Emerging Markets Bond
1127,iShares Currency Hedged MSCI Spain
1128,iShares Evolved U.S. Financials
1129,iShares Russell 1000 Pure US Revenue
1130,iShares Currency Hedged MSCI Switzerland
1131,iShares iBonds 2022 Term High Yield and Income
1132,iShares Currency Hedged MSCI South Korea
1133,iShares Edge MSCI Multifactor USA Mid-Cap
1134,iShares iBonds 2024 Term High Yield and Income
1135,iShares Edge MSCI International Siz
1136,iShares Currency Hedged MSCI Mexico
1137,iShares Currency Hdg JPX Nikkei 400
1138,iShares Adapt Cur Hdg MSCI Japan
1139,iShares Edge MSCI A Min Vol Asia ex Japan
1140,iShares Adapt Cur Hdg MSCI Eurozone
1141,iShares iBonds Sep 2019 AMT-Free Muni Bond
1142,iShares 10+ Year Investment Grade Corporate Bond
1143,iShares 5-10 Year Investment Grade Corporate Bond
1144,Janus Short Duration Income
1145,Janus Long-Term Care
1146,Janus Small/Mid Cap Growth Alpha
1147,Janus Small Cap Growth Alpha
1148,Janus Obesity
1149,Janus Organics
1150,John Hancock Multifactor Mid Cap
1151,John Hancock Multifactor Small Cap
1152,John Hancock Multifactor Large Cap
1153,John Hancock Multifactor DM
1154,John Hancock Multifactor Utilities
1155,John Hancock Multifactor Financials
1156,John Hancock Multifactor Energy
1157,John Hancock Multifactor Technology
1158,John Hancock Multifactor Industrials
1159,John Hancock Multifactor Health Care
1160,John Hancock Multifactor Consumer Discretionary
1161,John Hancock Multifactor Consumer Staples
1162,John Hancock Multifactor Materials
1163,John Hancock Multifactor Media and Communications
1164,JPMorgan Ultra Short Income
1165,JP Morgan Chase Alerian Exp 24 May 2024
1166,JPMorgan BetaBuilders Japan
1167,JPMorgan BetaBuilders Canada
1168,JPMorgan BetaBuilders Europe
1169,JPMorgan BetaBuilders MSCI US REIT
1170,JPMorgan Diversified Return International Equity
1171,JPMorgan US Aggregate Bond
1172,JPMorgan Diversified Return US Small Cap Equity
1173,JPMorgan BetaBuilders Developed Asia ex-Japan
1174,JPMorgan Diversified Return Emergin
1175,JPMorgan Diversified Return US Mid Cap Equity
1176,JPMorgan Ultra-Short Municipal
1177,JPMorgan Diversified Alternative
1178,JPMorgan Disciplined High Yield
1179,JPMorgan Diversified Return US Equity
1180,JPMorgan Global Bond Opportunities ETF
1181,JPMorgan BetaBuilders US Equity
1182,JPMorgan Diversified Return Global Equity
1183,JPMorgan BetaBuilders 1-5 Year U.S. Aggregate Bond
1184,JPMorgan Managed Futures Strategy
1185,JPMorgan Core Plus Bond
1186,JPMorgan Diversified Return Europe Equity
1187,JPMorgan USD Emerging Market Sovereign Bond
1188,JPMorgan Long/Short
1189,JPMorgan Corporate Bond Research Enhanced
1190,JPMorgan Municipal
1191,JPMorgan Event Driven
1192,KraneShares CSI China Internet
1193,KraneShares Bosera MSCI China A Share
1194,KraneShares Zacks New China
1195,KraneShares KFA Large Cap Quality Divivend
1196,KraneShares MSCI All China Health Care
1197,Quadratic Interest Rate Volatility and Inflation H
1198,KraneShares EM Consumer Technology
1199,KraneShares E China Commercial Paper
1200,KraneShares Electric Vehicles and Future Mobility
1201,KFA Small Cap Quality Dividend Index
1202,KraneShares MSCI One Belt One Road
1203,Kraneshares CCBS China Corporate High Yield Bond U
1204,Kraneshares MSCI China Environment
1205,KraneShares MSCI Emerging Markets ex China
1206,Hartford Developed Markets ex US
1207,Hartford US Equity
1208,Hartford Global Small Cap
1209,Hartford Emerging Markets
1210,Hartford Multifactor REIT
1211,Legg Mason Low Volatility High Dividend
1212,Legg Mason International Low Volatility High Divid
1213,Western Asset Short Duration Income
1214,Legg Mason EM Low Volatility High Dividend
1215,ClearBridge All Cap Growth
1216,Loncar China BioPharma
1217,Innovation Alpha Global
1218,Innovation Alpha United States
1219,Innovation Alpha Trade War
1220,Main Sector Rotation
1221,Metaurus Equity Component US Equity Cumulative Div
1222,iPath  US Treasury 10-year Bear
1223,iPath US Treasury Long Bond Bear
1224,Barclays iPath Series B S&P 500 VIX Mid-Term Futur
1225,Barclays ETN+ FI Enhanced Europe 50 Series C
1226,iPath US Treasury Steepener
1227,Barclays Inverse US Treasury Aggregate
1228,iPath US Treasury 2 year Bear
1229,iPath US Treasury 10-year Bull
1230,iPath US Treasury 5-year Bear
1231,iPath US Treasury 2-year Bull
1232,iPath US Treasury Flattener
1233,iPath US Treasury 5-year Bull
1234,WBI BullBear Trend Switch 3000 Total Return
1235,Morgan Stanley Cushing MLP High Income Exp 21 Mar
1236,Motley Fool Small Cap Growth
1237,Nationwide Risk-Based International Equity
1238,Nationwide Risk-Based U.S. Equity
1239,Nationwide Maximum Diversification US Core Equity
1240,Natixis Seeyond International Minimum Volatility
1241,Natixis Loomis Sayles Short Duration Income
1242,Neuberger Berman MLP IF
1243,NexPoint Credit Strategies
1244,Ivy Energy NextShares
1245,Ivy Focused Growth NextShares
1246,Ivy Focused Value NextShares
1247,Anfield Capital Diversified Alternatives
1248,Inspire Global Hope
1249,Affinity World Leaders Equity
1250,NuShares ESG Large-Cap Value
1251,NuShares ESG Large-Cap Growth
1252,NuShares ESG Small-Cap
1253,NuShares ESG US Aggregate Bond
1254,NuShares Enhanced Yield US Aggregate Bond
1255,NuShares ESG Mid-Cap Growth
1256,NuShares ESG Mid-Cap Value
1257,Nuveen ESG Large-Cap
1258,O'Shares Global Internet Giants
1259,Cannabis ETF
1260,Oppenheimer Russell 1000 Dynamic Multifactor
1261,Oppenheimer Ultra Div Revenue
1262,Oppenheimer Large Cap Revenue
1263,Oppenheimer Mid Cap Revenue
1264,Oppenheimer Small Cap Revenue
1265,Oppenheimer Fin Revenue
1266,Oppenheimer Russell 2000 Dynamic Multifactor
1267,Oppenheimer Russell 1000 Yield Factor
1268,Oppenheimer Global ESG Revenue
1269,Oppenheimer Russell 1000 Value Factor
1270,Oppenheimer ESG Revenue
1271,Oppenheimer Russell 1000 Low Volatility Factor
1272,Oppenheimer Russell 1000 Momentum Factor
1273,Oppenheimer Russell 1000 Size Factor
1274,Oppenheimer Russell 1000 Quality Factor
1275,Oâ€™Shares FTSE US Quality Dividend
1276,Oâ€™Shares FTSE Europe Quality Dividend
1277,ETFMG Alternative Harvest ETF
1278,YieldShares High Income
1279,Tortoise North American Pipeline
1280,Schwab 1000
1281,Pacer WealthShield
1282,NuStar Logistics 7.625% Fixed To Floating Rate Sub
1283,Reaves Utilities
1284,Principal US Mega-Cap Multi-Factor
1285,Premise Capital Frontier Advantage Diversified Tac
1286,Saba Interest Rate Hedged CEF
1287,Allied Capital 6.875% Notes Exp 15 Apr 2047
1288,VictoryShares Dividend Accelerator
1289,US Global Jets
1290,Reality Shares Nasdaq NexGen Economy
1291,TrimTabs Float Shrink
1292,VictoryShares US Multi-Factor Minimum Volatility
1293,VictoryShares EM High Div Volatility Wtd
1294,Forensic Accounting Long-Short
1295,Reality Shares DIVS
1296,Reverse Cap Weighted U.S. Large Cap
1297,Virtus Newfleet Multi-Sector Unconstrained Bond
1298,Principal Active Global Dividend Income
1299,Portfolio+ S&P Mid Cap
1300,Reality Shares Divcon Leaders Dividend
1301,US Tax Reform Fund
1302,Reality Shares Divcon Dividend Defender
1303,Volshares Large Cap
1304,Point Bridge GOP Stock Tracker
1305,Portfolio+ Developed Markets
1306,Innovation Shares NextGen Vehicles and Technology
1307,Virtus Newfleet Dynamic Credit
1308,Sit Rising Rate
1309,Validea Market Legends
1310,Portfolio+ Emerging Markets
1311,Virtus Glovista EM
1312,Reinhart Intermediate Bond NextShares
1313,Pacer Trendpilot 750
1314,Pacer Trendpilot 450
1315,Pacer Trendpilot 100
1316,Pacer Benchmark Data & Infrastructure Real Estate
1317,Pacer US Cash Cows 100
1318,Pacer CFRA-Stovall Equal Weight Seasonal Rotation
1319,Pacer Benchmark Industrial Real Estate SCTR
1320,Pacer Trendpilot European
1321,Pacer Trendpilot International
1322,Pacer Trendpilot Fund of Funds
1323,Pacer US Cash Cows Growth
1324,Pacer Benchmark Retail Real Estate SCTR
1325,Pacer Military Times Best Employers
1326,Pacer Emerging Markets Cash Cows 100
1327,Pacific US Equity Income
1328,PGIM Ultra Short Bond
1329,PIMCO Enhanced Short Maturity Active Exchange-Trad
1330,PIMCO Total Return Active Exchange-Traded
1331,PIMCO 0-5 Year High Yield Corporate Bond
1332,PIMCO Low Duration Active
1333,PIMCO 1-5 Year US TIPS Exchange-Traded
1334,PIMCO 25+ Year Zero Coupon US Treasury
1335,PIMCO 15+ Year US TIPS Exchange-Traded
1336,PIMCO Intermediate Municipal Bond Active
1337,PIMCO Investment Grade Corporate Bond
1338,PIMCO RAFI Dynamic Multi-Factor EM Equity
1339,PIMCO 1-3 Year US Treasury
1340,PIMCO RAFI Dynamic Multi-Factor Intl Equity
1341,PIMCO Short Term Municipal Bond Active Exchange-Tr
1342,PIMCO Broad US TIPS Exchange-Traded
1343,PIMCO RAFI Dynamic Multi-Factor U.S. Equity
1344,Invesco QQQ Trust Series 1
1345,PowerShares Senior Loan Portfolio
1346,Powershares S&P 500 Low Volatility Portfolio
1347,PowerShares Preferred Portfolio
1348,PowerShares S&P MidCap Low Volatility Portfolio
1349,PowerShares S&P 500 High Quality
1350,PowerShares Emerging Markets Sovereign Debt
1351,PowerShares DB Optimum Yield Diversified Commodity
1352,PowerShares DB US Dollar Bullish
1353,PowerShares Dynamic Large Cap Value
1354,PowerShares DB Commodity Tracking
1355,PowerShares S&P 500 High Div Low Vol
1356,PowerShares Financial Preferred
1357,PowerShares DB Oil
1358,Invesco S and P 500 GARP
1359,PowerShares KBW Bank Portfolio
1360,PowerShares S&P SmallCap Low Volatility Portfolio
1361,PowerShares FTSE RAFI Emerging Markets
1362,PowerShares CEF Income Composite Portfolio
1363,PowerShares amental High Yield Corporate Bond Port
1364,PowerShares DWA Utilities Momentum Portfolio
1365,PowerShares DWA Momentum Portfolio
1366,PowerShares Variable Rate Preferred Portfolio
1367,PowerShares National AMT-Free Municipal Bond Portf
1368,PowerShares High Yield Equity Dividend Achievers P
1369,PowerShares DB Agriculture
1370,PowerShares S&P Intl Developed Low Volatility Port
1371,PowerShares Build America Bond Port
1372,PowerShares DWA EM Momentum
1373,PowerShares WilderHill Clean Energy
1374,Powershares S&P 500 High Beta Portfolio
1375,PowerShares DB Base Metals
1376,PowerShares S&P Emerging Markets Low Volatility
1377,PowerShares FTSE RAFI US 1000 Portfolio
1378,PowerShares DWA Financial Momentum Portfolio
1379,PowerShares Dynamic Software
1380,PowerShares International Dividend Achievers Portf
1381,PowerShares California AMT-Free Municipal Bond Por
1382,ProShares Long Online Short Stores
1383,PowerShares Variable Rate Investment Grade
1384,Invesco S and P MidCap Momentum
1385,PowerShares Aerospace & Defense
1386,PowerShares DB Precious Metals
1387,PowerShares KBW Premium Yield Equity REIT Portfoli
1388,PowerShares Water Resources
1389,BLDRS Developed Markets 100 ADR
1390,PowerShares Global Listed Private Equity
1391,PowerShares KBW High Dividend Yield Financial
1392,PowerShares DB US Dollar Bearish
1393,PowerShares DB Energy
1394,PowerShares Global Short Term High Yield Bond Port
1395,PowerShares S&P 500 BuyWrite Portfolio
1396,PowerShares DWA Consumer Staples Momentum Portfoli
1397,PowerShares S&P 500 Momentum Portfolio
1398,PowerShares FTSE RAFI US 1500 Small Mid
1399,PowerShares SP 500 ex-Rate Sensiti
1400,PowerShares KBW Property & Casualty Insurance Port
1401,PowerShares Dynamic Pharmaceuticals
1402,PowerShares S&P SmallCap Energy
1403,PowerShares DWA SmallCap Momentum Portfolio
1404,PowerShares DB Gold
1405,PowerShares S&P 500 Downside Hedged Portfolio
1406,PowerShares Russell 1000 Equal Weight Portfolio
1407,PowerShares FTSE RAFI Developed Markets ex-US
1408,PowerShares Dynamic Energy Exploration & Productio
1409,PowerShares DWA Technology Momentum Portfolio
1410,PowerShares mntl Invest Grade Corp Bond Portfolio
1411,PowerShares DWA Tactical Multi-Asset Income
1412,PowerShares Active US Real Estate
1413,PowerShares VRDO Tax-Free Weekly Portfolio
1414,PowerShares Cleantech
1415,PowerShares Dynamic Semiconductors
1416,PowerShares Dynamic Large Cap Growth
1417,PowerShares New York AMT-Free Municipal Bond Portf
1418,PowerShares Golden Dragon China Port
1419,PowerShares Nasdaq Internet
1420,DB Gold Double Long Exp 15 Feb 2038
1421,PowerShares Global Clean Energy
1422,PowerShares DWA Healthcare Momentum Portfolio
1423,PowerShares S&P Int Dev Qual Port
1424,PowerShares Dynamic Building & Construction
1425,PowerShares S&P SmallCap High Dividend Low Volatil
1426,PowerShares Global Water Portfolio
1427,PowerShares S&P SmallCap Information Technology
1428,PowerShares FTSE RAFI Developed Markets ex-US Smal
1429,PowerShares SP 500 Value Portfolio
1430,Invesco S and P SmallCap Value with Momentum
1431,PowerShares S&P SmallCap Health Care
1432,PowerShares S&P SmallCap Financials
1433,PowerShares Dynamic Oil & Gas Services
1434,PowerShares International BuyBack Achievers
1435,PowerShares Russell 1000 Low Beta Equal Weight
1436,PowerShares India Portfolio
1437,PowerShares Dynamic Biotechnology & Genome
1438,ProShares Decline of the Retail Store
1439,Invesco S and P SmallCap Momentum
1440,PowerShares DWA Consumer Cyclicals Momentum Portfo
1441,PowerShares DWA Tactical Sector Rotation Portfolio
1442,PowerShares International Corporate Bond
1443,Invesco S and P 500 Value with Momentum
1444,PowerShares Dynamic Networking
1445,PowerShares KBW Regional Banking Portfolio
1446,PowerShares FTSE International Low Beta Equal Weig
1447,PowerShares S&P SmallCap Utilities
1448,PowerShares DWA Energy Momentum Portfolio
1449,PowerShares Dynamic Food & Beverage
1450,PowerShares Dynamic Media
1451,PowerShares DWA Industrials Momentum Portfolio
1452,PowerShares PureBeta US Aggregate Bond Portfolio
1453,BLDRS Emerging Markets 50 ADR
1454,Invesco S and P MidCap Quality
1455,PowerShares Dynamic Leisure & Entertainment
1456,PowerShares S&P SmallCap Industrials
1457,PowerShares LadderRite 0-5 Year Corporate Bond
1458,PowerShares S&P SmallCap Materials
1459,PowerShares S&P EM Momentum Port
1460,Invesco S and P MidCap Value with Momentum
1461,PowerShares DB Silver
1462,PowerShares Russell Top 200 Equal Weight
1463,PowerShares DWA Basic Materials Momentum Portfolio
1464,PowerShares PureBeta MSCI USA Portfolio
1465,PowerShares Dynamic Market
1466,PowerShares DWA NASDAQ Momentum Portfolio
1467,PowerShares Dynamic Retail
1468,PowerShares S&P SmallCap Consumer Discretionary
1469,BLDRS Asia 50 ADR
1470,PowerShares S&P SmallCap Quality Portfolio
1471,PowerShares S&P International Developed High Divid
1472,PowerShares PureBeta FTSE Developed ex-North Ameri
1473,PowerShares PureBeta MSCI USA Small Cap Portfolio
1474,PowerShares S&P Int Dev Momentum Port
1475,PowerShares PureBeta FTSE EM Portfolio
1476,DB Agriculture Double Long Exp 01 Apr 2038
1477,DB Crude Oil Double Short Exp 01 Jun 2038
1478,DB Agriculture Long Exp 01 Apr 2038
1479,DB Base Metals Double Long Exp 01 Jun 2038
1480,DB Base Metals Double Short Exp 01 Jun 2038
1481,DB Base Metals Short Exp 01 Jun 2038
1482,BLDRS Europe Select ADR
1483,DB Crude Oil Long Exp 01 Jun 2038
1484,DB Commodity Double Long Exp 01 Apr 2038
1485,DB Commodity Short Exp 01 Apr 2038
1486,PowerShares DB G10 Currency Harvest
1487,DB Gold Short Exp 15 Feb 2038
1488,PowerShares PureBeta 0-5 US TIPS Portfolio
1489,PowerShares S&P SmallCap Consumer Staples
1490,DB Crude Oil Short Exp 01 Jun 2038
1491,Principal Millennials
1492,Principal EDGE Active Income
1493,Principal Shareholder Yield
1494,Principal Healthcare Innovators
1495,Principal International Multi-Factor Core
1496,Principal U.S. Large-Cap Multi-Factor Core Index
1497,Principal U.S. Small-MidCap Multi-Factor Core
1498,Procure Space
1499,ProShares UltraPro QQQ
1500,ProShares UltraPro Short QQQ
1501,ProShares Ultra VIX Short-Term Futures
1502,ProShares UltraShort S&P500
1503,ProShares UltraPro Short S&P500
1504,ProShares Short S&P500
1505,ProShares UltraShort 20+ Year Treasury
1506,ProShares UltraShort Bloomberg Crude Oil
1507,ProShares UltraPro S&P500
1508,ProShares VIX Short-Term Futures
1509,ProShares UltraShort QQQ
1510,ProShares Ultra Bloomberg Crude Oil
1511,ProShares Short QQQ
1512,ProShares Short VIX Short-Term Futures
1513,ProShares UltraPro 3x Crude Oil
1514,ProShares UltraPro Short Dow 30
1515,ProShares Short 20+ Yr Treasury
1516,ProShares Ultra S&P500
1517,ProShares UltraPro 3x Short Crude Oil
1518,ProShares UltraShort Russell2000
1519,ProShares Ultra Bloomberg Natural Gas
1520,ProShares UltraShort Dow30
1521,ProShares Ultra QQQ
1522,ProShares UltraPro Short Russell2000
1523,ProShares UltraPro Dow30
1524,ProShares Short Dow30
1525,ProShares Short Russell2000
1526,ProShares Ultra Dow30
1527,ProShares Ultra Silver
1528,ProShares S&P 500 Dividend Aristocrats
1529,ProShares UltraPro Russell2000
1530,ProShares Ultra Oil & Gas
1531,ProShares Ultra Russell2000
1532,ProShares UltraShort MSCI Brazil Capped
1533,ProShares Ultra Nasdaq Biotechnology
1534,ProShares Short MSCI Emerging Markets
1535,ProShares Russell 2000 Dividend Gro
1536,ProShares Ultra Gold
1537,ProShares UltraShort Bloomberg Natural Gas
1538,ProShares UltraPro Short 20+ Year Treasury
1539,ProShares UltraShort Silver
1540,ProShares Ultra MidCap400
1541,ProShares UltraShort Gold
1542,ProShares Short High Yield
1543,ProShares Ultra Financials
1544,ProShares Ultra Semiconductors
1545,ProShares Ultra Technology
1546,ProShares Ultra Real Estate
1547,ProShares UltraShort Oil and Gas
1548,ProShares VIX Mid Term Futures
1549,ProShares SP MidCap 400 Dividend
1550,ProShares Large Cap Core Plus
1551,ProShares UltraShort Nasdaq Biotechnology
1552,ProShares Investment Grade-Interest Rate Hedged
1553,ProShares UltraShort FTSE China 50
1554,ProShares UltraShort Euro
1555,ProShares Ultra Basic Materials
1556,ProShares UltraShort Real Estate
1557,Proshares UltraPro NASDAQ Biotechnology
1558,ProShares Ultra FTSE Europe
1559,ProShares UltraPro Short Financial Select Sector
1560,ProShares MSCI EAFE Dividend Growers
1561,ProShares Ultra Utilities
1562,ProShares UltraShort Industrials
1563,ProShares UltraShort Financials
1564,ProShares UltraShort MSCI Emerging Markets
1565,ProShares K-1 Free Crude Oil Strategy
1566,ProShares UltraShort Technology
1567,ProShares Online Retail
1568,ProShares Ultra FTSE China 50
1569,ProShares UltraPro Short MidCap400
1570,ProShares UltraShort MidCap400
1571,ProShares UltraShort Basic Materials
1572,ProShares S&P 500 Bond
1573,ProShares UltraPro Financial Select Sector
1574,ProShares Ultra Euro
1575,ProShares UltraShort Utilities
1576,ProShares UltraShort 7-10 Year Treasury
1577,ProShares Ultra Health Care
1578,ProShares DJ Brookfield Global Infr
1579,ProShares Short MSCI EAFE
1580,ProShares UltraShort Yen
1581,ProShares Short Financials
1582,ProShares Hedge Replication
1583,ProShares Short FTSE China 50
1584,ProShares Ultra 20+ Year Treasury
1585,ProShares UltraShort Semiconductors
1586,ProShares Ultra 7-10 Year Treasury
1587,ProShares Short Real Estate
1588,ProShares Inflation Expectations
1589,ProShares UltraShort FTSE Europe
1590,ProShares Pet Care
1591,ProShares High Yield Interest Rate
1592,ProShares Ultra MSCI Emerging Markets
1593,ProShares UltraShort MSCI Japan
1594,ProShares Ultra Yen
1595,ProShares Ultra MSCI Brazil Capped
1596,ProShares UltraPro Short NASDAQ Biotechnology
1597,ProShares Ultra Industrials
1598,ProShares Ultra MSCI EAFE
1599,ProShares Short Oil & Gas
1600,ProShares MSCI EM Dividend Growers
1601,ProShares UltraPro MidCap400
1602,ProShares Short 7-10 Year Treasury
1603,ProShares MSCI Europe Dividend Growers
1604,ProShares Short MidCap400
1605,ProShares UltraShort Consumer Goods
1606,ProShares Ultra Consumer Services
1607,ProShares Global Listed Private Equity
1608,ProShares UltraShort SmallCap600
1609,ProShares UltraShort Health Care
1610,ProShares UltraShort MSCI EAFE
1611,ProShares Ultra MSCI Japan
1612,ProShares Ultra Consumer Goods
1613,ProShares UltraShort Consumer Services
1614,ProShares SP 500 ex Health Care
1615,ProShares Short SmallCap600
1616,ProShares Morningstar Alternatives Solution
1617,ProShares SP 500 ex Technology
1618,ProShares Equities for Rising Rates
1619,ProShares S&P 500 ex Energy
1620,ProShares Ultra SmallCap600
1621,ProShares SP 500 ex Financials
1622,ProShares Merger
1623,ProShares Short Basic Materials
1624,ProShares Managed Futures Strategy
1625,ProShares Short Term USD EM Bond
1626,ProShares UltraPro Short Communication Services Se
1627,ProShares Ultra Communication Services Select Sect
1628,ProShares Short Euro
1629,ProShares UltraShort Communication Services Select
1630,ProShares Ultra Telecommunications
1631,ProShares RAFI Long/Short
1632,ProShares Ultra High Yield
1633,ProShares UltraShort Australian Dollar
1634,ProShares UltraPro Communication Services Select S
1635,PureFunds ISE Junior Silver
1636,PureFunds ISE Mobile Payments
1637,PureFunds ISE Cyber Security
1638,PureFunds Video Game Tech
1639,PureFunds Drone Economy Strategy
1640,QuantShares US Market Neutral Anti-Beta
1641,QuantShares Hedged Dividend Income
1642,QuantShares US Market Neutral Momentum
1643,QuantShares US Market Neutral Value
1644,QuantShares US Market Neutral Size
1645,RBC Quant US Dividend Leaders USD
1646,Reality Shares Fundstrat DQM Long
1647,Reality Shares Nasdaq NexGen Economy China
1648,Horizons NASDAQ 100 Covered Call
1649,LeaderShares AlphaFactor US Core
1650,Renaissance IPO
1651,Renaissance International IPO
1652,RiverFront Dynamic Core Income
1653,RiverFront Dynamic US Dividend Advantage
1654,RiverFront Dynamic US Flex-Cap
1655,RiverFront Dynamic Unconstrained Income
1656,ROBO Global Healthcare Technology & Innovation
1657,Roundhill BITKRAFT Esports & Digital Entertainment
1658,RYZZ Managed Futures Strategy Plus
1659,Salt Low truBeta US Market
1660,Satrix MSCI EM Feeder
1661,Satrix Nasdaq 100 Feeder Portfolio
1662,Satrix MSCI World Feeder
1663,Schwab International Equity
1664,Schwab US Large-Cap
1665,Schwab Emerging Markets Equity
1666,Schwab Short Term US Treasury
1667,Schwab US Broad Market
1668,Schwab US Dividend Equity
1669,Charles Schwab US REIT
1670,Schwab US Aggregate Bond
1671,Schwab Intermediate Term US Treasury
1672,Schwab US Small-Cap
1673,Schwab amental US Large Company
1674,Schwab amental Intl Large Company
1675,Schwab US Mid-Cap
1676,Schwab US TIPS
1677,Schwab US Large-Cap Value
1678,Schwab amental EM Large Company
1679,Schwab US Large-Cap Growth
1680,Schwab amental US Small Company
1681,Schwab International Small-Cap Equity
1682,Schwab amental Intl Small Company
1683,Schwab amental US Broad Market
1684,SoFi Select 500
1685,SoFi 50
1686,SoFi Next 500
1687,SoFi Gig Economy
1688,SPDR S&P 500
1689,SPDR S&P Oil & Gas Exploration & Production
1690,Financial Select Sector SPDR
1691,Utilities Select Sector SPDR
1692,Energy Select Sector SPDR
1693,Consumer Staples Select Sector SPDR
1694,Industrial Select Sector SPDR
1695,Health Care Select Sector SPDR
1696,SPDR Gold Shares
1697,Technology Select Sector SPDR
1698,SPDR Barclays High Yield Bond
1699,SPDR S&P Regional Banking
1700,Real Estate Select Sector SPDR
1701,SPDR S&P 500 Value
1702,SPDR S&P Retail
1703,Materials Select Sector SPDR
1704,SPDR Barclays Short Term High Yield Bond
1705,SPDR S&P 400 Mid Cap Value
1706,SPDR S&P Biotech
1707,SPDR S&P Metals & Mining
1708,Consumer Discretionary Select Sector SPDR
1709,SPDR S&P Bank
1710,Communication Services Select Sector SPDR
1711,SPDR S&P Homebuilders
1712,SPDR DJIA
1713,SPDR Barclays Aggregate Bond
1714,SPDR Euro Stoxx 50
1715,SPDR Barclays Invest Grade Floating Rate
1716,SPDR Barclays 1-3 Month T-Bill
1717,SPDR Barclays Long Term Treasury
1718,SPDR Gold MiniShares
1719,SPDR S&P World ex US
1720,SPDR S&P MidCap 400
1721,SPDR S&P Oil & Gas Equipment & Services
1722,SPDR Barclays Short Term Corporate Bond
1723,SPDR Barclays Intermediate Term Corporate Bond
1724,SPDR MSCI ACWI ex-US
1725,SPDR Russell 1000
1726,SPDR S&P 500 Growth
1727,SPDR Barclays Convertible Securities
1728,SPDR Barclays Short Term Treasury
1729,SPDR Blackstone/GSO Senior Loan
1730,SPDR S&P Dividend
1731,SPDR S&P 500 High Dividend
1732,SPDR S&P Emerging Markets
1733,SPDR Barclays Emerging Markets Local Bond
1734,SPDR Russell 3000
1735,SPDR DoubleLine Total Return Tactic
1736,SPDR S&P 600 Small Cap
1737,SPDR Portfolio MSCI Global
1738,SPDR Russell 2000
1739,SPDR Dow Jones International Real Estate
1740,SPDR Barclays Long Term Corporate Bond
1741,SPDR Wells Fargo Preferred Stock
1742,SPDR Russell Small Cap Completeness
1743,SPDR Portfolio Mortgage Backed Bond
1744,SPDR Barclays International Treasury Bond
1745,SPDR Nuveen Barclays Short Term Municipal Bond
1746,SPDR Nuveen Barclays Municipal Bond
1747,SPDR S&P China
1748,SPDR S&P Global Natural Resources
1749,SPDR Portfolio Intermediate Term Treasury
1750,SPDR Russell 1000 Low Volatility
1751,SPDR S&P Insurance
1752,SPDR Portfolio TIPS
1753,SPDR S&P 600 Small Cap Value
1754,SPDR S&P Transportation
1755,SPDR S&P 600 Small Cap Growth
1756,SPDR Dow Jones REIT
1757,SPDR S&P 400 Mid Cap Growth
1758,SPDR S&P Emerging Asia Pacific
1759,SPDR Nuveen S&P High Yield Municipal Bond
1760,SPDR Dow Jones Global Real Estate
1761,SPDR S&P Emerging Markets Small Cap
1762,SPDR S&P Aerospace & Defense
1763,SPDR S&P Semiconductor
1764,SPDR S&P International Dividend
1765,SPDR MSCI USA StrategicFactors
1766,SPDR S&P Pharmaceuticals
1767,SPDR SSgA Ultra Short Term Bond
1768,SPDR S&P International Small Cap
1769,SPDR Russell 2000 Low Volatility
1770,SPDR Russell 1000 Low Volatility
1771,SPDR Dorsey Wright Fixed Income Allocation
1772,SPDR Portfolio High Yield Bond
1773,SPDR S&P Emerging Markets Dividend
1774,SPDR Morgan Stanley Technology
1775,SPDR Barclays Short Term Intl Treasury Bond
1776,SPDR S&P Health Care Services
1777,SPDR S&P North American Natural Resources
1778,SPDR SSgA Income Allocation
1779,SPDR S&P Health Care Equipment
1780,SPDR Barclays 1-10 Year TIPS
1781,SPDR Barclays International Corporate Bond
1782,SPDR S&P Software & Services
1783,SPDR MFS Systematic Core Equity
1784,SPDR DoubleLine EM Fixed Income
1785,SPDR S&P Global Dividend
1786,SPDR MSCI EAFE StrategicFactors
1787,SPDR S&P 500 Fossil Fuel Reserves Free
1788,SPDR DoubleLine Short Term TR Tactical
1789,SPDR S&P Global Infrastructure
1790,SPDR SSgA Multi-Asset Real Return
1791,SPDR SSgA Global Allocation
1792,SPDR Citi International Government Inflation-Prote
1793,SPDR Portfolio Corporate Bond
1794,SPDR MSCI EAFE Fossil Fuel Reserves Free
1795,SPDR SSGA US Sector Rotation
1796,SPDR FactSet Innovative Technology
1797,SPDR MSCI Emer Mkts StrategicFactors
1798,SPDR Portfolio Europe
1799,SPDR S&P Internet
1800,SPDR SSGA Gender Diversity
1801,SPDR S&P Telecom
1802,SPDR SSGA Fixed Income Sector Rotation
1803,SPDR S&P Kensho Future Security
1804,SPDR S&P 1500 Momentum Tilt
1805,SPDR MSCI World StrategicFactors
1806,SPDR MFS Systematic Growth Equity
1807,SPDR S&P Capital Markets
1808,SPDR Russell 1000 Momentum
1809,SPDR S&P Technology Hardware
1810,SPDR Solactive Canada
1811,SPDR Solactive Japan
1812,SPDR MSCI ACWI Low Carbon Target
1813,SPDR S&P 1500 Value Tilt
1814,SPDR Global Dow
1815,SPDR S&P Kensho Smart Mobility
1816,SPDR Russell 1000 Yield Focus
1817,SPDR SP 500 Buyback
1818,SPDR S&P Kensho Intelligent Structures
1819,SPDR MSCI EM Fossil Fuel Free
1820,SPDR Solactive United Kingdom
1821,SPDR MFS Systematic Value Equity
1822,SPDR Solactive Germany
1823,SPDR EURO STOXX Small Cap
1824,SPDR Long Dollar Gold Trust
1825,SPDR S&P U.S. Utilities Select Sector UCITS
1826,Fieldstone UVA Unconstrained Medium-Term Fixed Inc
1827,Sprott Physical Silver
1828,Sprott Physical Gold
1829,SPDR Kensho New Economies Composite
1830,SPDR S&P Kensho Final Frontiers
1831,Strategy Shares Nasdaq 7 Handl Index
1832,US Market Rotation Strategy
1833,EcoLogical Strategy
1834,CWA Income
1835,Syntax Stratified LargeCap
1836,Tactical Income
1837,Teucrium Sugar
1838,Teucrium Corn
1839,Teucrium Wheat
1840,Teucrium Soybean
1841,Teucrium Agricultural
1842,Aware Ultra-Short Duration Enhanced Income
1843,TigerShares China-U.S. Internet Titans
1844,Timothy Plan High Dividend Stock
1845,Timothy Plan US Large Cap Core
1846,Tortoise Digital Payments Infrastructure
1847,Tortoise Cloud Infrastructure
1848,Tuttle Tactical Management US Core
1849,Tuttle Tactical Management Multi St
1850,UBS E-TRACS Alerian MLP Infrastructure Exp 02 Apr
1851,UBS E-TRACS Alerian MLP
1852,UBS ETRACS 2xMonthly Leveraged Alerian MLP Infra B
1853,UBS E-TRACS Monthly Pay 2xLeveraged Mortgage REIT
1854,UBS ETRACS Monthly Pay 2X
1855,UBS ETRACS ProShares Daily 3x Long Crude
1856,ETRACS 2xMonthly Pay Leveraged Preferred Stock
1857,UBS ETRACS ProShares Daily 3x Inverse Crude
1858,ETRACS 2x Monthly Pay Leveraged US Small Cap High
1859,UBS AG ETRACS Monthly Pay 2X US Small Cap High Div
1860,UBS E-TRACS Bloomberg CMCI
1861,UBS E-TRACS 2xLeveraged Long Wells Fargo Business
1862,UBS E-TRACS Linked to the Wells Fargo Business Dev
1863,UBS ETRACS Monthly Pay 2X US High Dividend Low Vol
1864,UBS AG FI Enhanced Global High Yield
1865,UBS ETRACS Monthly Pay 2X Diversified High Income
1866,UBS ETRACS 2xMonthly Leveraged S&P MLP B
1867,UBS ETRACS Monthly Pay 2xLeveraged
1868,UBS AG FI Enhanced Large Cap Growth
1869,UBS AG ETRACS Monthly Reset 2X ISE Exclusively Hom
1870,UBS AG FI Enhanced Europe 50
1871,UBS ETRACS Bloomberg CMCI Agriculture
1872,UBS ETRACS Monthly Pay 2X Wells Fargo MLP ex Energ
1873,UBS E-TRACS linked to DBloomberg Commodity Total R
1874,UBS E-TRACS Monthly Pay 2xLeveraged S&P Dividend
1875,UBS E-TRACS Monthly Pay 2xLeveraged Dow Jones Sele
1876,UBS E-TRACS Alerian Natural Gas MLP
1877,UBS E-TRACS Bloomberg CMCI Silver
1878,UBS ETRACS S&P GSCI Crude Oil TR
1879,UBS E-TRACS Bloomberg CMCI Gold
1880,UBS E-TRACS Bloomberg CMCI Food
1881,USAA Core Intermediate-Term Bond
1882,USAA MSCI USA Small Cap Value Momentum Blend
1883,USAA MSCI USA Value Momentum Blend
1884,USAA MSCI International Value Momentum Blend
1885,USAA MSCI EM Value Momentum Blend
1886,USAA Core Short-Term Bond
1887,United States Oil
1888,United States Natural Gas
1889,United States Brent Oil
1890,USCF US 3x Short Oil Fund
1891,USCF United States 3x Oil Fund
1892,United States Commodity
1893,United States Copper
1894,United States Gasoline
1895,United States 12 Month Natural Gas
1896,United States 12 Month Oil
1897,USCF SummerHaven SHPEN
1898,USCF SummerHaven SHPEI
1899,USCF SummerHaven Dynamic Commodity Strategy No K-1
1900,ValueShares Int Quantitative Value
1901,ValueShares US Quantitative Value
1902,VanEck Vectors Gold Miners
1903,VanEck Vectors Junior Gold Miners
1904,VanEck Vectors Oil Services
1905,VanEck Vectors Russia
1906,VanEck Vectors Semiconductor
1907,VanEck Vectors JP Morgan EM Local Currency Bd
1908,VanEck Vectors Morningstar Wide Moat
1909,VanEck Vectors Vietnam
1910,VanEck Vectors Fallen Angel High Yield Bond
1911,VanEck Vectors High-Yield Municipal
1912,VanEck Pref Secs ex Finls
1913,VanEck Vectors AMT-Free Intermediate Municipal
1914,VanEck Vectors-Investment Grade Floating Rate
1915,VanEck Short High-Yield Muni
1916,VanEck Emg Mkts High Yield Bd
1917,VanEck Vectors Rare Earth/Strategic Metals
1918,VanEck Vectors Egypt
1919,VanEck Vectors Mortgage REIT Income
1920,VanEck Vectors BDC Income
1921,VanEck Vectors Pharmaceutical
1922,VanEck Vectors International High Yield Bond
1923,VanEck Vectors ChinaAMC SME-ChiNext
1924,VanEck Vectors AMT-Free Long Municipal
1925,VanEck Merk Gold Trust
1926,VanEck Vectors Emerging Markets Aggregate Bond
1927,VanEck Vectors Africa
1928,VanEck Vectors Retail
1929,VanEck Vectors CEF Municipal Income
1930,VanEck Vectors Agribusiness
1931,VanEck Vectors Video Gaming and eSports
1932,VanEck Vectors Biotech
1933,VanEck Vectors Indonesia
1934,VanEck Vectors India Small-Cap
1935,VanEck Vectors Coal
1936,VanEck Vectors AMT-Free Short Municipal
1937,VanEck Vectors Steel
1938,VanEck Vectors Unconventional Oil & Gas
1939,VanEck Vectors Brazil Small-Cap
1940,VanEck Vectors High Income MLP
1941,VanEck Vectors Morningstar International Moat
1942,VanEck Vectors NDR CMG Long Flat Allocation
1943,VanEck Vectors Oil Refiners
1944,VanEck Vectors ChinaAMC A-Share
1945,VanEck Vectors Natural Resources
1946,VanEck Vectors Morningstar Global Wide Moat
1947,VanEck Vectors Gaming
1948,VanEck Vectors Real Asset Allocation
1949,VanEck Vectors Low Carbon Energy
1950,VanEck Vectors Green Bond
1951,VanEck Vectors Uranium+Nuclear Energy
1952,VanEck Vectors Morningstar Durable Dividend
1953,Morgan Stanley Market Vectors 2X Euro
1954,VanEck Vectors Municipal Allocation
1955,VanEck Vectors Russia Small-Cap
1956,VanEck Vectors ChinaAMC China Bond
1957,VanEck Vectors Israel
1958,VanEck Vectors Environmental Services
1959,Morgan Stanley Market Vectors Double Short Euro
1960,VanEck Vectors High Income Infrastructure MLP
1961,Morgan Stanley Market Vectors Renminbi USD
1962,Morgan Stanley Market Vectors Rupee USD
1963,Vanguard FTSE Emerging Markets
1964,Vanguard REIT
1965,Vanguard FTSE Developed Markets
1966,Vanguard FTSE Europe
1967,Vanguard FTSE All World ex US
1968,Vanguard S&P 500
1969,Vanguard Short-Term Corporate Bond
1970,Vanguard Total Bond Market
1971,Vanguard Intermediate-Term Corporate Bond
1972,Vanguard Total Stock Market
1973,Vanguard Total International Stock
1974,Vanguard Value
1975,Vanguard Total World Stock
1976,Vanguard Total International Bond
1977,Vanguard Mortgage-Backed Securities
1978,Vanguard High Dividend Yield
1979,Vanguard Tax-Exempt Bond
1980,Vanguard Dividend Appreciation
1981,Vanguard Short-Term Bond
1982,Vanguard Intermediate-Term Bond
1983,Vanguard Growth
1984,Vanguard Financials
1985,Vanguard Short-Term Government Bond
1986,Vanguard Long-Term Bond
1987,Vanguard Information Technology
1988,Vanguard Sht-Term Inflation-Protected Securities
1989,Vanguard Long-Term Corporate Bond
1990,Vanguard ESG US Stock
1991,Vanguard Small-Cap Value
1992,Vanguard FTSE Pacific
1993,Vanguard Small-Cap
1994,Vanguard Consumer Staples
1995,Vanguard Global ex-US Real Estate
1996,Vanguard Intermediate-Term Government Bond
1997,Vanguard Energy
1998,Vanguard Mid-Cap Value
1999,Vanguard Mid-Cap
2000,Vanguard Russell 1000 Growth
2001,Vanguard Long-Term Government Bond
2002,Vanguard S&P Small Cap 600
2003,Vanguard Russell 2000
2004,Vanguard Small-Cap Growth
2005,Vanguard Utilities
2006,Vanguard Extended Duration
2007,Vanguard Emerging Markets Government Bond
2008,Vanguard Large-Cap
2009,Vanguard Health Care
2010,Vanguard FTSE All-World ex-US Small-Cap
2011,Vanguard Extended Market
2012,Vanguard Mid-Cap Growth
2013,Vanguard Mega Cap Growth
2014,Vanguard Mega Cap Value
2015,Vanguard Int Div Appreciation
2016,Vanguard Telecommunication Services
2017,Vanguard Industrials
2018,Vanguard Russell 1000 Value
2019,Vanguard Intl High Div Yld
2020,Vanguard S&P 500 Value
2021,Vanguard S&P 500 Growth
2022,Vanguard Mega Cap
2023,Vanguard Materials
2024,Vanguard Consumer Discretionary
2025,Vanguard ESG International Stock
2026,Vanguard Total Corporate Bond Shares
2027,Vanguard Russell 1000
2028,Vanguard U.S. Minimum Volatility
2029,Vanguard Total World Bond
2030,Vanguard S&P Mid Cap 400
2031,Vanguard Russell 2000 Value
2032,Vanguard S&P Mid Cap 400 Value
2033,Vanguard S&P Small Cap 600 Value
2034,Vanguard U.S. Value Factor
2035,Vanguard Russell 2000 Growth
2036,Vanguard S&P Mid Cap 400 Growth
2037,Vanguard Russell 3000
2038,Vanguard S&P Small Cap 600 Growth
2039,Vanguard FTSE Emerging Markets UCITS USD Inc
2040,Vanguard U.S. Momentum Factor
2041,Vanguard U.S. Quality Factor
2042,Vanguard U.S. Multifactor Fund
2043,Vanguard U.S. Liquidity Factor
2044,Vanguard FTSE All-World UCITS USD Inc
2045,Vanguard USD EM Government Bond
2046,VelocityShares 3x Long Natural Gas linked to S&P G
2047,VelocityShares Daily 2x VIX Short Term linked to S
2048,VelocityShares 3x Inverse Crude S&P GSCI ER
2049,VelocityShares 3x Long Crude S&P GSCI ER
2050,VelocityShares 3x Inverse Natural Gas linked to S&
2051,VelocityShares 3x Long Silver linked to S&P GSCI S
2052,VelocityShares 3x Inverse Silver linked to S&P GSC
2053,VelocityShares 3x Long Gold linked to SP GSCI Gold
2054,VelocityShares 3x Inverse Gold linked to S&P GSCI
2055,VelocityShares VIX Short Term linked to SP 500 VIX
2056,VelocityShares Daily Inverse VIX Medium Term
2057,VelocityShares 1x Long VSTOXX Futures
2058,VelocityShares Daily 4X Long USD vs. EUR
2059,VelocityShares Daily 4X Long AUD vs. USD
2060,VelocityShares Daily 4X Long EUR vs. USD
2061,VelocityShares Daily 4X Long USD vs. GBP
2062,VelocityShares 1x Daily Inverse VSTOXX Futures
2063,VelocityShares Daily 4X Long JPY vs. USD
2064,VelocityShares Short LIBOR
2065,VelocityShares Daily 4X Long GBP vs. USD
2066,VelocityShares Daily 4X Long USD vs. JPY
2067,VelocityShares Daily 4X Long CHF vs. USD
2068,VelocityShares Daily 4X Long USD vs. AUD
2069,VelocityShares Daily 4X Long USD vs. CHF
2070,Vident International Equity
2071,Vident Core U.S. Equity
2072,Vident Core U.S. Bond Strategy
2073,Virtus InfraCap U.S. Preferred Stock
2074,Virtus Real Asset Income
2075,Virtus Private Credit
2076,Wahed FTSE USA Shariah
2077,WBI Tactical Income Shares
2078,WBI Power Factor High Dividend
2079,WBI Tactical LCY
2080,WBI Tactical LCV
2081,WBI Tactical LCS
2082,WBI Tactical LCG
2083,WBI BullBear Trend Switch US Total Return
2084,WBI SMID Tactical Growth Shares
2085,WBI Tactical SMS
2086,WBI Tactical SMV
2087,WBI Tactical SMY
2088,WisdomTree Japan Hedged Equity
2089,WisdomTree India Earnings
2090,WisdomTree Bloomberg Floating Rate Treasury
2091,WisdomTree Europe Hedged Equity
2092,WisdomTree Barclays Yield Enhanced US Aggregate Bo
2093,WisdomTree Emerging Markets High Dividend
2094,WisdomTree MidCap Dividend
2095,WisdomTree MidCap Earnings
2096,WisdomTree SmallCap Dividend
2097,WisdomTree Emerging Markets SmallCap Dividend
2098,WisdomTree US Quality Dividend Growth
2099,WisdomTree LargeCap Dividend
2100,WisdomTree SmallCap Earnings
2101,WisdomTree Emerging Markets ex-State-Owned Enterpr
2102,WisdomTree Earnings 500
2103,WisdomTree International SmallCap Dividend
2104,WisdomTree International Quality Dividend Growth
2105,WisdomTree International Equity
2106,WisdomTree International High Dividend
2107,WisdomTree International Hedged Quality Dividend G
2108,WisdomTree 90/60 US Balanced
2109,WisdomTree Total Dividend
2110,WisdomTree Continuous Commodity
2111,WisdomTree Intenational LargeCap Dividend
2112,WisdomTree Interest Rate Hedged High Yield Bond Fd
2113,WisdomTree US Multifactor
2114,WisdomTree Dynamic Currency Hedged International E
2115,WisdomTree Barclays Interest Rate Hedge US Aggrega
2116,WisdomTree High Dividend
2117,WisdomTree CBOE S&P 500 PutWrite Strategy
2118,WisdomTree Emerging Markets Local Debt
2119,WisdomTree Europe SmallCap Dividend
2120,Wisdom Tree Dividend Ex-Financials
2121,WisdomTree Middle East Dividend
2122,WisdomTree US SmallCap Quality Dividend Growth
2123,WisdomTree Managed Futures Strategy
2124,WisdomTree Dynamic Long/Short U.S. Equity
2125,WisdomTree International MidCap Dividend
2126,WisdomTree Dynamic Currency Hedged International S
2127,WisdomTree Global High Dividend
2128,WisdomTree Negative Duration High Yield Bond
2129,WisdomTree Fundamental U.S. High Yield Corporate B
2130,WisdomTree Global ex US Quality Dividend Growth
2131,WisdomTree EM Dividend Fund
2132,WisdomTree Japan SmallCap Dividend
2133,WisdomTree China ex-State-Owned Enterprises
2134,WisdomTree Global ex-US Real Estate
2135,WisdomTree Emerging Markets Quality Dividend Growt
2136,WisdomTree Japan Hedged SmallCap Equity
2137,WisdomTree Europe Hedged SmallCap Equity
2138,WisdomTree Barclays Negative Duration US Aggregate
2139,Wisdom Tree International Dividend Ex-Financials
2140,WisdomTree Europe Quality Dividend Growth
2141,WisdomTree Balanced Income
2142,WisdomTree Dynamic Bearish U.S. Equity Fund
2143,WisdomTree Germany Hedged Equity
2144,WisdomTree Emerging Markets Consumer Growth
2145,WisdomTree Bloomberg US Dollar Bullish
2146,WisdomTree Emerging Currency Strategy
2147,WisdomTree Chinese Yuan Strategy
2148,WisdomTree Total Earnings
2149,WisdomTree Yield Enhanced Global Aggregate Bond
2150,WisdomTree LargeCap Value
2151,WisdomTree Dynamic Currency Hedged International Q
2152,WisdomTree International Multifactor
2153,WisdomTree ICBCCS S&P China 500
2154,WisdomTree Emerging Markets Corporate Bond
2155,WisdomTree Modern Tech Platforms
2156,WisdomTree Japan Multifactor
2157,WisdomTree Asia-Pacific ex-Japan
2158,WisdomTree India ex State Owned Enterprises Fund
2159,WisdomTree CBOE Russell 2000 PutWrite Strategy
2160,WisdomTree Europe Multifactor
2161,Xtrackers Low Beta High Yield Bond
2162,Xtrackers High Beta High Yield Bond
2163,Xtrackers Short Duration High Yield
